reward_today,future_reward,delay,thisN,thisTrialN,thisRepN,key_resp.keys,key_resp.rt,key_resp.duration,trials.thisRepN,trials.thisTrialN,trials.thisN,trials.thisIndex,thisRow.t,notes,trial.started,Fixation.started,text.started,key_resp.started,Fixation.stopped,trial.stopped,trials.key_resp.keys,trials.key_resp.rt,trials.key_resp.duration,participant,session,date,expName,expVersion,psychopyVersion,frameRate,expStart,
78.0,80.0,162.0,0,0,0,l,19.434190040978137,None,0,0,0,6,0.18953195796348155,,0.1723104999982752,0.18953195796348155,1.003687332966365,1.003687332966365,1.1878249580040574,21.077483291970566,l,19.434190040978137,None,1,001,2025-10-24_11h34.24.710,delay discounting,,2025.1.1,None,2025-10-24 11h34.53.076957 +0530,
11.0,30.0,7.0,1,1,0,l,9.303152207983658,None,0,1,1,0,21.239236833003815,,21.085671124979854,21.239236833003815,22.077759083011188,22.077759083011188,22.237407749984413,31.393044832977466,l,9.303152207983658,None,1,001,2025-10-24_11h34.24.710,delay discounting,,2025.1.1,None,2025-10-24 11h34.53.076957 +0530,
27.0,50.0,21.0,2,2,0,l,5.329019083001185,None,0,2,2,2,31.449708041967824,,31.41782679199241,31.449708041967824,32.394122749974485,32.394122749974485,32.44383124995511,37.72906358295586,l,5.329019083001185,None,1,001,2025-10-24_11h34.24.710,delay discounting,,2025.1.1,None,2025-10-24 11h34.53.076957 +0530,
49.0,60.0,89.0,3,3,0,t,3.627527915989049,None,0,3,3,4,37.749169749964494,,37.74048687500181,37.749169749964494,38.72840283298865,38.72840283298865,38.74043837498175,42.3603169999551,t,3.627527915989049,None,1,001,2025-10-24_11h34.24.710,delay discounting,,2025.1.1,None,2025-10-24 11h34.53.076957 +0530,
15.0,35.0,13.0,4,4,0,l,3.318275583034847,None,0,4,4,1,42.37428366695531,,42.365703624964226,42.37428366695531,43.36041774996556,43.36041774996556,43.37038920796476,46.69355933298357,l,3.318275583034847,None,1,001,2025-10-24_11h34.24.710,delay discounting,,2025.1.1,None,2025-10-24 11h34.53.076957 +0530,
67.0,75.0,119.0,5,5,0,t,3.344661957991775,None,0,5,5,5,46.72129620797932,,46.7072111669695,46.72129620797932,47.69339116697665,47.69339116697665,47.70856208296027,51.049201166955754,t,3.344661957991775,None,1,001,2025-10-24_11h34.24.710,delay discounting,,2025.1.1,None,2025-10-24 11h34.53.076957 +0530,
40.0,55.0,62.0,6,6,0,t,4.966370706970338,None,0,6,6,3,51.07404974999372,,51.06137274997309,51.07404974999372,52.04444920795504,52.04444920795504,52.07070062495768,57.027049291995354,t,4.966370706970338,None,1,001,2025-10-24_11h34.24.710,delay discounting,,2025.1.1,None,2025-10-24 11h34.53.076957 +0530,
40.0,55.0,62.0,7,0,1,t,3.4797081249998882,None,1,0,7,3,57.04062141699251,,57.02790579199791,57.04062141699251,58.026726291980594,58.026726291980594,58.03739291697275,61.52460949996021,t,3.4797081249998882,None,1,001,2025-10-24_11h34.24.710,delay discounting,,2025.1.1,None,2025-10-24 11h34.53.076957 +0530,
27.0,50.0,21.0,8,1,1,l,2.6348784579895437,None,1,1,8,2,61.54369433299871,,61.53480129200034,61.54369433299871,62.520601249998435,62.520601249998435,62.5372670830111,65.16192208300345,l,2.6348784579895437,None,1,001,2025-10-24_11h34.24.710,delay discounting,,2025.1.1,None,2025-10-24 11h34.53.076957 +0530,
67.0,75.0,119.0,9,2,1,t,5.629664041043725,None,1,2,9,5,65.17815670795972,,65.16834320797352,65.17815670795972,66.16108437499497,66.16108437499497,66.17063829198014,71.79966379195685,t,5.629664041043725,None,1,001,2025-10-24_11h34.24.710,delay discounting,,2025.1.1,None,2025-10-24 11h34.53.076957 +0530,
15.0,35.0,13.0,10,3,1,l,2.583857123972848,None,1,3,10,1,71.82726820796961,,71.81627641699743,71.82726820796961,72.79388287500478,72.79388287500478,72.82565758295823,75.38086704199668,l,2.583857123972848,None,1,001,2025-10-24_11h34.24.710,delay discounting,,2025.1.1,None,2025-10-24 11h34.53.076957 +0530,
78.0,80.0,162.0,11,4,1,t,3.192678748979233,None,1,4,11,6,75.39482341700932,,75.38674524996895,75.39482341700932,76.37800604198128,76.37800604198128,76.38694516697433,79.57933579199016,t,3.192678748979233,None,1,001,2025-10-24_11h34.24.710,delay discounting,,2025.1.1,None,2025-10-24 11h34.53.076957 +0530,
11.0,30.0,7.0,12,5,1,l,7.793865500018001,None,1,5,12,0,79.606818249973,,79.59003629197832,79.606818249973,80.5779261669959,80.5779261669959,80.60437354200985,88.38941683300072,l,7.793865500018001,None,1,001,2025-10-24_11h34.24.710,delay discounting,,2025.1.1,None,2025-10-24 11h34.53.076957 +0530,
49.0,60.0,89.0,13,6,1,t,6.251801540958695,None,1,6,13,4,88.40624599996954,,88.3974531670101,88.40624599996954,89.38329058297677,89.38329058297677,89.42102791700745,95.63899445795687,t,6.251801540958695,None,1,001,2025-10-24_11h34.24.710,delay discounting,,2025.1.1,None,2025-10-24 11h34.53.076957 +0530,
40.0,55.0,62.0,14,0,2,t,2.215013374981936,None,2,0,14,3,95.66041145799682,,95.64801850001095,95.66041145799682,96.63724516698858,96.63724516698858,96.65398195799207,98.8568342080107,t,2.215013374981936,None,1,001,2025-10-24_11h34.24.710,delay discounting,,2025.1.1,None,2025-10-24 11h34.53.076957 +0530,
78.0,80.0,162.0,15,1,2,t,4.2709651659824885,None,2,1,15,6,98.87606508296449,,98.86506445799023,98.87606508296449,99.8529323329567,99.8529323329567,99.8747571670101,104.1286508750054,t,4.2709651659824885,None,1,001,2025-10-24_11h34.24.710,delay discounting,,2025.1.1,None,2025-10-24 11h34.53.076957 +0530,
27.0,50.0,21.0,16,2,2,l,3.96550104097696,None,2,2,16,2,104.15159891697112,,104.14170274999924,104.15159891697112,105.12645183299901,105.12645183299901,105.14279474999057,109.10926499997731,l,3.96550104097696,None,1,001,2025-10-24_11h34.24.710,delay discounting,,2025.1.1,None,2025-10-24 11h34.53.076957 +0530,
67.0,75.0,119.0,17,3,2,t,2.4169174159760587,None,2,3,17,5,109.13213162496686,,109.11757008300629,109.13213162496686,110.10383091698168,110.10383091698168,110.12926454195986,112.52792766696075,t,2.4169174159760587,None,1,001,2025-10-24_11h34.24.710,delay discounting,,2025.1.1,None,2025-10-24 11h34.53.076957 +0530,
49.0,60.0,89.0,18,4,2,t,2.3756198750343174,None,2,4,18,4,112.55148274998646,,112.53993887500837,112.55148274998646,113.51893758296501,113.51893758296501,113.5422497499967,115.92178520798916,t,2.3756198750343174,None,1,001,2025-10-24_11h34.24.710,delay discounting,,2025.1.1,None,2025-10-24 11h34.53.076957 +0530,
11.0,30.0,7.0,19,5,2,l,1.6191596660064533,None,2,5,19,0,115.94081075000577,,115.93031158298254,115.94081075000577,116.91929233301198,116.91929233301198,116.93696729198564,118.54440008295933,l,1.6191596660064533,None,1,001,2025-10-24_11h34.24.710,delay discounting,,2025.1.1,None,2025-10-24 11h34.53.076957 +0530,
15.0,35.0,13.0,20,6,2,l,1.6188025820301846,None,2,6,20,1,118.56112916697748,,118.55163499998162,118.56112916697748,119.54372416698607,119.54372416698607,119.55400050000753,121.17441262496868,l,1.6188025820301846,None,1,001,2025-10-24_11h34.24.710,delay discounting,,2025.1.1,None,2025-10-24 11h34.53.076957 +0530,
15.0,35.0,13.0,21,0,3,l,1.6450475829769857,None,3,0,21,1,121.18919704196742,,121.17511720798211,121.18919704196742,122.1704058329924,122.1704058329924,122.18765137495939,123.82283291697968,l,1.6450475829769857,None,1,001,2025-10-24_11h34.24.710,delay discounting,,2025.1.1,None,2025-10-24 11h34.53.076957 +0530,
78.0,80.0,162.0,22,1,3,t,1.5980177909950726,None,3,1,22,6,123.84148533298867,,123.8322844170034,123.84148533298867,124.82028633297887,124.82028633297887,124.8372819579672,126.42211774998577,t,1.5980177909950726,None,1,001,2025-10-24_11h34.24.710,delay discounting,,2025.1.1,None,2025-10-24 11h34.53.076957 +0530,
11.0,30.0,7.0,23,2,3,l,5.203266958007589,None,3,2,23,0,126.43808474997059,,126.42905441700714,126.43808474997059,127.42037279199576,127.42037279199576,127.43696183298016,132.62868245795835,l,5.203266958007589,None,1,001,2025-10-24_11h34.24.710,delay discounting,,2025.1.1,None,2025-10-24 11h34.53.076957 +0530,
67.0,75.0,119.0,24,3,3,t,4.464371790993027,None,3,3,24,5,132.65366987499874,,132.6400256669731,132.65366987499874,133.6266847079969,133.6266847079969,133.64239666698268,138.09492433298146,t,4.464371790993027,None,1,001,2025-10-24_11h34.24.710,delay discounting,,2025.1.1,None,2025-10-24 11h34.53.076957 +0530,
27.0,50.0,21.0,25,4,3,l,2.3088519159937277,None,3,4,25,2,138.11178224999458,,138.102056542004,138.11178224999458,139.09402895800304,139.09402895800304,139.10984862496844,141.4051926250104,l,2.3088519159937277,None,1,001,2025-10-24_11h34.24.710,delay discounting,,2025.1.1,None,2025-10-24 11h34.53.076957 +0530,
40.0,55.0,62.0,26,5,3,t,1.8440644569927827,None,3,5,26,3,141.42247849999694,,141.41165379196173,141.42247849999694,142.40375270799268,142.40375270799268,142.42034424998565,144.2565029169782,t,1.8440644569927827,None,1,001,2025-10-24_11h34.24.710,delay discounting,,2025.1.1,None,2025-10-24 11h34.53.076957 +0530,
49.0,60.0,89.0,27,6,3,t,1.9111232069553807,None,3,6,27,4,144.27445670799352,,144.26396104198648,144.27445670799352,145.25359649996972,145.25359649996972,145.2702661670046,147.1725942500052,t,1.9111232069553807,None,1,001,2025-10-24_11h34.24.710,delay discounting,,2025.1.1,None,2025-10-24 11h34.53.076957 +0530,
78.0,80.0,162.0,28,0,4,t,1.4008762490120716,None,4,0,28,6,147.19105341698742,,147.17949116695672,147.19105341698742,148.17062629200518,148.17062629200518,148.18725266697584,149.57842637499562,t,1.4008762490120716,None,1,001,2025-10-24_11h34.24.710,delay discounting,,2025.1.1,None,2025-10-24 11h34.53.076957 +0530,
11.0,30.0,7.0,29,1,4,l,1.8174638320342638,None,4,1,29,0,149.59706549998373,,149.58674754196545,149.59706549998373,150.57912512496114,150.57912512496114,150.59043708298123,152.40724674996454,l,1.8174638320342638,None,1,001,2025-10-24_11h34.24.710,delay discounting,,2025.1.1,None,2025-10-24 11h34.53.076957 +0530,
15.0,35.0,13.0,30,2,4,l,2.740772041026503,None,4,2,30,1,152.42548824998084,,152.4148059579893,152.42548824998084,153.40359316696413,153.40359316696413,153.42015945800813,156.15571666700998,l,2.740772041026503,None,1,001,2025-10-24_11h34.24.710,delay discounting,,2025.1.1,None,2025-10-24 11h34.53.076957 +0530,
67.0,75.0,119.0,31,3,4,t,1.9615683750016615,None,4,3,31,5,156.17289929196704,,156.16294391697738,156.17289929196704,157.15389283298282,157.15389283298282,157.1703076249687,159.12264412496006,t,1.9615683750016615,None,1,001,2025-10-24_11h34.24.710,delay discounting,,2025.1.1,None,2025-10-24 11h34.53.076957 +0530,
40.0,55.0,62.0,32,4,4,t,3.318068415974267,None,4,4,32,3,159.1400419579586,,159.12934829195729,159.1400419579586,160.12034537497675,160.12034537497675,160.1370297499816,163.4446187079884,t,3.318068415974267,None,1,001,2025-10-24_11h34.24.710,delay discounting,,2025.1.1,None,2025-10-24 11h34.53.076957 +0530,
49.0,60.0,89.0,33,5,4,t,1.9394832070101984,None,4,5,33,4,163.46252733300207,,163.45315708295675,163.46252733300207,164.45369545801077,164.45369545801077,164.46050004195422,166.40592733299127,t,1.9394832070101984,None,1,001,2025-10-24_11h34.24.710,delay discounting,,2025.1.1,None,2025-10-24 11h34.53.076957 +0530,
27.0,50.0,21.0,34,6,4,l,2.2474885410047136,None,4,6,34,2,166.42486558295786,,166.41529845795594,166.42486558295786,167.40368945797672,167.40368945797672,167.42030420800438,169.65542962501058,l,2.2474885410047136,None,1,001,2025-10-24_11h34.24.710,delay discounting,,2025.1.1,None,2025-10-24 11h34.53.076957 +0530,
11.0,30.0,7.0,35,0,5,l,1.6256203319644555,None,5,0,35,0,169.67377433297224,,169.6639597499743,169.67377433297224,170.65347816696158,170.65347816696158,170.67019245796837,172.28874304197961,l,1.6256203319644555,None,1,001,2025-10-24_11h34.24.710,delay discounting,,2025.1.1,None,2025-10-24 11h34.53.076957 +0530,
67.0,75.0,119.0,36,1,5,t,2.135162250022404,None,5,1,36,5,172.30323712498648,,172.2944573329878,172.30323712498648,173.28665270796046,173.28665270796046,173.29291283298517,175.4389914170024,t,2.135162250022404,None,1,001,2025-10-24_11h34.24.710,delay discounting,,2025.1.1,None,2025-10-24 11h34.53.076957 +0530,
40.0,55.0,62.0,37,2,5,t,2.518108458025381,None,5,2,37,3,175.45419204200152,,175.44548212498194,175.45419204200152,176.43677766696783,176.43677766696783,176.44159524998395,178.960382958001,t,2.518108458025381,None,1,001,2025-10-24_11h34.24.710,delay discounting,,2025.1.1,None,2025-10-24 11h34.53.076957 +0530,
78.0,80.0,162.0,38,3,5,t,1.616683957981877,None,5,3,38,6,178.97629566700198,,178.96639849996427,178.97629566700198,179.95220229198458,179.95220229198458,179.97023820795584,181.57332545798272,t,1.616683957981877,None,1,001,2025-10-24_11h34.24.710,delay discounting,,2025.1.1,None,2025-10-24 11h34.53.076957 +0530,
49.0,60.0,89.0,39,4,5,t,2.855251248984132,None,5,4,39,4,181.59184775000904,,181.58066987496568,181.59184775000904,182.5703410829883,182.5703410829883,182.58711762499297,185.42725149996113,t,2.855251248984132,None,1,001,2025-10-24_11h34.24.710,delay discounting,,2025.1.1,None,2025-10-24 11h34.53.076957 +0530,
27.0,50.0,21.0,40,5,5,l,2.277930541022215,None,5,5,40,2,185.44319633295527,,185.43347312498372,185.44319633295527,186.42773770797066,186.42773770797066,186.4369266249705,188.71141041698866,l,2.277930541022215,None,1,001,2025-10-24_11h34.24.710,delay discounting,,2025.1.1,None,2025-10-24 11h34.53.076957 +0530,
15.0,35.0,13.0,41,6,5,l,1.9803688320098445,None,5,6,41,1,188.72749858297175,,188.7179887079983,188.72749858297175,189.71127454197267,189.71127454197267,189.7188203749829,191.69438004196854,l,1.9803688320098445,None,1,001,2025-10-24_11h34.24.710,delay discounting,,2025.1.1,None,2025-10-24 11h34.53.076957 +0530,
78.0,80.0,162.0,42,0,6,t,1.5186186659848318,None,6,0,42,6,191.7225505829556,,191.71423362498172,191.7225505829556,192.69465395796578,192.69465395796578,192.72008741699392,194.22868995799217,t,1.5186186659848318,None,1,001,2025-10-24_11h34.24.710,delay discounting,,2025.1.1,None,2025-10-24 11h34.53.076957 +0530,
11.0,30.0,7.0,43,1,6,l,1.7669941659551114,None,6,1,43,0,194.2400319579756,,194.2334073749953,194.2400319579756,195.22736724995775,195.22736724995775,195.23671287496109,197.00563849997707,l,1.7669941659551114,None,1,001,2025-10-24_11h34.24.710,delay discounting,,2025.1.1,None,2025-10-24 11h34.53.076957 +0530,
67.0,75.0,119.0,44,2,6,t,1.6056945829768665,None,6,2,44,5,197.02225104195531,,197.01270508300513,197.02225104195531,198.0035340419854,198.0035340419854,198.0200956669869,199.62209479196463,t,1.6056945829768665,None,1,001,2025-10-24_11h34.24.710,delay discounting,,2025.1.1,None,2025-10-24 11h34.53.076957 +0530,
27.0,50.0,21.0,45,3,6,l,1.544581416004803,None,6,3,45,2,199.63966737495502,,199.62965320795774,199.63966737495502,200.61977008299436,200.61977008299436,200.63582595798653,202.17211483296705,l,1.544581416004803,None,1,001,2025-10-24_11h34.24.710,delay discounting,,2025.1.1,None,2025-10-24 11h34.53.076957 +0530,
40.0,55.0,62.0,46,4,6,t,1.4634675409761257,None,6,4,46,3,202.19001887500053,,202.17974049999611,202.19001887500053,203.16976291697938,203.16976291697938,203.1857696250081,204.64536054199561,t,1.4634675409761257,None,1,001,2025-10-24_11h34.24.710,delay discounting,,2025.1.1,None,2025-10-24 11h34.53.076957 +0530,
15.0,35.0,13.0,47,5,6,l,1.1699758329777978,None,6,5,47,1,204.65972925000824,,204.6514089999837,204.65972925000824,205.6441484169918,205.6441484169918,205.6533622079878,206.82178370800102,l,1.1699758329777978,None,1,001,2025-10-24_11h34.24.710,delay discounting,,2025.1.1,None,2025-10-24 11h34.53.076957 +0530,
49.0,60.0,89.0,48,6,6,t,2.2730943750357255,None,6,6,48,4,206.83908954198705,,206.82733070797985,206.83908954198705,207.81985891697695,207.81985891697695,207.84806120797293,210.1058872079593,t,2.2730943750357255,None,1,001,2025-10-24_11h34.24.710,delay discounting,,2025.1.1,None,2025-10-24 11h34.53.076957 +0530,
15.0,35.0,13.0,49,0,7,l,2.9423574579996057,None,7,0,49,1,210.12382641696604,,210.1132137919776,210.12382641696604,211.10349949996453,211.10349949996453,211.12041270796908,214.05662112496793,l,2.9423574579996057,None,1,001,2025-10-24_11h34.24.710,delay discounting,,2025.1.1,None,2025-10-24 11h34.53.076957 +0530,
27.0,50.0,21.0,50,1,7,l,1.039619374962058,None,7,1,50,2,214.07964033295866,,214.06846391700674,214.07964033295866,215.0532088750042,215.0532088750042,215.07438879198162,216.1083178750123,l,1.039619374962058,None,1,001,2025-10-24_11h34.24.710,delay discounting,,2025.1.1,None,2025-10-24 11h34.53.076957 +0530,
40.0,55.0,62.0,51,2,7,t,3.7322798329987563,None,7,2,51,3,216.12980937497923,,216.11799658299424,216.12980937497923,217.1034585830057,217.1034585830057,217.12546908296645,220.84118995798053,t,3.7322798329987563,None,1,001,2025-10-24_11h34.24.710,delay discounting,,2025.1.1,None,2025-10-24 11h34.53.076957 +0530,
67.0,75.0,119.0,52,3,7,t,5.347032040997874,None,7,3,52,5,220.86004479200346,,220.8499812919763,220.86004479200346,221.83707399998093,221.83707399998093,221.8533997919876,227.18982429197058,t,5.347032040997874,None,1,001,2025-10-24_11h34.24.710,delay discounting,,2025.1.1,None,2025-10-24 11h34.53.076957 +0530,
78.0,80.0,162.0,53,4,7,t,0.9180632489733398,None,7,4,53,6,227.2117510419921,,227.19955170800677,227.2117510419921,228.1882496670005,228.1882496670005,228.20610041701002,229.11090258299373,t,0.9180632489733398,None,1,001,2025-10-24_11h34.24.710,delay discounting,,2025.1.1,None,2025-10-24 11h34.53.076957 +0530,
49.0,60.0,89.0,54,5,7,t,1.917144915962126,None,7,5,54,4,229.12681137496838,,229.11745395796606,229.12681137496838,230.1203295000014,230.1203295000014,230.12650199997006,232.04287583299447,t,1.917144915962126,None,1,001,2025-10-24_11h34.24.710,delay discounting,,2025.1.1,None,2025-10-24 11h34.53.076957 +0530,
11.0,30.0,7.0,55,6,7,l,1.8086227069725282,None,7,6,55,0,232.05636462499388,,232.0480639580055,232.05636462499388,233.05336804199032,233.05336804199032,233.05336804199032,234.87915854196763,l,1.8086227069725282,None,1,001,2025-10-24_11h34.24.710,delay discounting,,2025.1.1,None,2025-10-24 11h34.53.076957 +0530,
49.0,60.0,89.0,56,0,8,t,1.5922096249996684,None,8,0,56,4,234.90142791700782,,234.89046995795798,234.90142791700782,235.87773025000934,235.87773025000934,235.89132616698043,237.47356883296743,t,1.5922096249996684,None,1,001,2025-10-24_11h34.24.710,delay discounting,,2025.1.1,None,2025-10-24 11h34.53.076957 +0530,
11.0,30.0,7.0,57,1,8,l,0.7147449160111137,None,8,1,57,0,237.49006179196294,,237.47909262496978,237.49006179196294,238.47008741699392,238.47008741699392,238.48640641698148,239.18858379195444,l,0.7147449160111137,None,1,001,2025-10-24_11h34.24.710,delay discounting,,2025.1.1,None,2025-10-24 11h34.53.076957 +0530,
27.0,50.0,21.0,58,2,8,l,2.2222404580097646,None,8,2,58,2,239.213295708003,,239.20137233298738,239.213295708003,240.18651266698726,240.18651266698726,240.20819537498755,242.41777462500613,l,2.2222404580097646,None,1,001,2025-10-24_11h34.24.710,delay discounting,,2025.1.1,None,2025-10-24 11h34.53.076957 +0530,
15.0,35.0,13.0,59,3,8,l,1.0254095830023289,None,8,3,59,1,242.44052299996838,,242.42926037497818,242.44052299996838,243.4063672919874,243.4063672919874,243.43923045799602,244.43952483299654,l,1.0254095830023289,None,1,001,2025-10-24_11h34.24.710,delay discounting,,2025.1.1,None,2025-10-24 11h34.53.076957 +0530,
78.0,80.0,162.0,60,4,8,t,1.1402510000043549,None,8,4,60,6,244.45594529196387,,244.44571708299918,244.45594529196387,245.4383304999792,245.4383304999792,245.45373499998823,246.59105895797256,t,1.1402510000043549,None,1,001,2025-10-24_11h34.24.710,delay discounting,,2025.1.1,None,2025-10-24 11h34.53.076957 +0530,
40.0,55.0,62.0,61,5,8,l,1.210704040946439,None,8,5,61,3,246.6057471249951,,246.59714866697323,246.6057471249951,247.58693887497066,247.58693887497066,247.60339924995787,248.80532895796932,l,1.210704040946439,None,1,001,2025-10-24_11h34.24.710,delay discounting,,2025.1.1,None,2025-10-24 11h34.53.076957 +0530,
67.0,75.0,119.0,62,6,8,t,3.729260624968447,None,8,6,62,5,248.8260185419931,,248.81476345798,248.8260185419931,249.80366733297706,249.80366733297706,249.82006458297838,253.5392716669594,t,3.729260624968447,None,1,001,2025-10-24_11h34.24.710,delay discounting,,2025.1.1,None,2025-10-24 11h34.53.076957 +0530,
40.0,55.0,62.0,63,0,9,t,2.392761665978469,None,9,0,63,3,253.55557258299086,,253.5463816249976,253.55557258299086,254.54024541698163,254.54024541698163,254.55359095800668,256.94226266699843,t,2.392761665978469,None,1,001,2025-10-24_11h34.24.710,delay discounting,,2025.1.1,None,2025-10-24 11h34.53.076957 +0530,
15.0,35.0,13.0,64,1,9,l,2.094213331991341,None,9,1,64,1,256.9671299579786,,256.95168908295454,256.9671299579786,257.9366545829689,257.9366545829689,257.9591444169637,260.0387164579588,l,2.094213331991341,None,1,001,2025-10-24_11h34.24.710,delay discounting,,2025.1.1,None,2025-10-24 11h34.53.076957 +0530,
78.0,80.0,162.0,65,2,9,t,0.8193596249911934,None,9,2,65,6,260.05750649998663,,260.0466754999943,260.05750649998663,261.03639341698727,261.03639341698727,261.0532200830057,261.8615188749973,t,0.8193596249911934,None,1,001,2025-10-24_11h34.24.710,delay discounting,,2025.1.1,None,2025-10-24 11h34.53.076957 +0530,
49.0,60.0,89.0,66,3,9,t,3.9786119580385275,None,9,3,66,4,261.8775968749542,,261.8673981669708,261.8775968749542,262.8522187079652,262.8522187079652,262.87314758298453,266.8396664579632,t,3.9786119580385275,None,1,001,2025-10-24_11h34.24.710,delay discounting,,2025.1.1,None,2025-10-24 11h34.53.076957 +0530,
27.0,50.0,21.0,67,4,9,l,1.8441227909643203,None,9,4,67,2,266.8667807079619,,266.8513977499679,266.8667807079619,267.8365136249922,267.8365136249922,267.85894445795566,269.6882864579675,l,1.8441227909643203,None,1,001,2025-10-24_11h34.24.710,delay discounting,,2025.1.1,None,2025-10-24 11h34.53.076957 +0530,
67.0,75.0,119.0,68,5,9,t,1.2657292489893734,None,9,5,68,5,269.7104978329735,,269.6952384579927,269.7104978329735,270.68572979199234,270.68572979199234,270.70859970798483,271.9567588749924,t,1.2657292489893734,None,1,001,2025-10-24_11h34.24.710,delay discounting,,2025.1.1,None,2025-10-24 11h34.53.076957 +0530,
11.0,30.0,7.0,69,6,9,l,0.9023062490159646,None,9,6,69,0,271.9716528329882,,271.9607192919939,271.9716528329882,272.95311283296905,272.95311283296905,272.97899149998557,273.86110820795875,l,0.9023062490159646,None,1,001,2025-10-24_11h34.24.710,delay discounting,,2025.1.1,None,2025-10-24 11h34.53.076957 +0530,
40.0,55.0,62.0,70,0,10,t,1.6835585820372216,None,10,0,70,3,273.878564249957,,273.8688258329639,273.878564249957,274.85186154197436,274.85186154197436,274.8731934999814,276.5390185829601,t,1.6835585820372216,None,1,001,2025-10-24_11h34.24.710,delay discounting,,2025.1.1,None,2025-10-24 11h34.53.076957 +0530,
15.0,35.0,13.0,71,1,10,l,1.6369427079916932,None,10,1,71,1,276.56199654197553,,276.5456338329823,276.56199654197553,277.536239249981,277.536239249981,277.5560287499684,279.1900695419754,l,1.6369427079916932,None,1,001,2025-10-24_11h34.24.710,delay discounting,,2025.1.1,None,2025-10-24 11h34.53.076957 +0530,
27.0,50.0,21.0,72,2,10,l,1.3924050829955377,None,10,2,72,2,279.2104975419934,,279.1974975829944,279.2104975419934,280.18664745800197,280.18664745800197,280.20278483297443,281.588537750009,l,1.3924050829955377,None,1,001,2025-10-24_11h34.24.710,delay discounting,,2025.1.1,None,2025-10-24 11h34.53.076957 +0530,
67.0,75.0,119.0,73,3,10,t,1.995991873962339,None,10,3,73,5,281.6054891250096,,281.59571604197845,281.6054891250096,282.58504104200983,282.58504104200983,282.6036050419789,284.5923434579745,t,1.995991873962339,None,1,001,2025-10-24_11h34.24.710,delay discounting,,2025.1.1,None,2025-10-24 11h34.53.076957 +0530,
49.0,60.0,89.0,74,4,10,t,1.5345610820222646,None,10,4,74,4,284.6153415829758,,284.60169074998703,284.6153415829758,285.586358541972,285.586358541972,285.608427707979,287.1275823749602,t,1.5345610820222646,None,1,001,2025-10-24_11h34.24.710,delay discounting,,2025.1.1,None,2025-10-24 11h34.53.076957 +0530,
78.0,80.0,162.0,75,5,10,t,0.8134237909689546,None,10,5,75,6,287.1444966249983,,287.13567116699414,287.1444966249983,288.12756925000576,288.12756925000576,288.13630725000985,288.94418783299625,t,0.8134237909689546,None,1,001,2025-10-24_11h34.24.710,delay discounting,,2025.1.1,None,2025-10-24 11h34.53.076957 +0530,
11.0,30.0,7.0,76,6,10,l,0.998619583027903,None,10,6,76,0,288.9604490000056,,288.9507753329817,288.9604490000056,289.9442718749633,289.9442718749633,289.9530620420119,290.95490504195914,l,0.998619583027903,None,1,001,2025-10-24_11h34.24.710,delay discounting,,2025.1.1,None,2025-10-24 11h34.53.076957 +0530,
49.0,60.0,89.0,77,0,11,t,1.9649982490227558,None,11,0,77,4,290.97200587496627,,290.9617312079645,290.97200587496627,291.95331954199355,291.95331954199355,291.9698385829688,293.9294824579847,t,1.9649982490227558,None,1,001,2025-10-24_11h34.24.710,delay discounting,,2025.1.1,None,2025-10-24 11h34.53.076957 +0530,
40.0,55.0,62.0,78,1,11,t,1.3745591240003705,None,11,1,78,3,293.9541952079744,,293.9419600829715,293.9541952079744,294.9291647080099,294.9291647080099,294.95308329199906,296.3140151670086,t,1.3745591240003705,None,1,001,2025-10-24_11h34.24.710,delay discounting,,2025.1.1,None,2025-10-24 11h34.53.076957 +0530,
15.0,35.0,13.0,79,2,11,t,12.815379915991798,None,11,2,79,1,296.3447754170047,,296.3304234169773,296.3447754170047,297.30956945801154,297.30956945801154,297.34135004197014,310.12927949998993,t,12.815379915991798,None,1,001,2025-10-24_11h34.24.710,delay discounting,,2025.1.1,None,2025-10-24 11h34.53.076957 +0530,
11.0,30.0,7.0,80,3,11,l,12.219215791032184,None,11,3,80,0,310.14861341699725,,310.14010679197963,310.14861341699725,311.1267529169563,311.1267529169563,311.1410222079721,323.36900962499203,l,12.219215791032184,None,1,001,2025-10-24_11h34.24.710,delay discounting,,2025.1.1,None,2025-10-24 11h34.53.076957 +0530,
67.0,75.0,119.0,81,4,11,t,2.9434452499845065,None,11,4,81,5,323.45991733297706,,323.37901762500405,323.45991733297706,324.3602751249564,324.3602751249564,324.4530863749678,327.30893875000766,t,2.9434452499845065,None,1,001,2025-10-24_11h34.24.710,delay discounting,,2025.1.1,None,2025-10-24 11h34.53.076957 +0530,
27.0,50.0,21.0,82,5,11,l,1.738352416025009,None,11,5,82,2,327.32443095796043,,327.3138672079658,327.32443095796043,328.310379499977,328.310379499977,328.31902699999046,330.06091708299937,l,1.738352416025009,None,1,001,2025-10-24_11h34.24.710,delay discounting,,2025.1.1,None,2025-10-24 11h34.53.076957 +0530,
78.0,80.0,162.0,83,6,11,t,1.742401333001908,None,11,6,83,6,330.08567129197763,,330.071826667001,330.08567129197763,331.0603045419557,331.0603045419557,331.0742330829962,332.80607916699955,t,1.742401333001908,None,1,001,2025-10-24_11h34.24.710,delay discounting,,2025.1.1,None,2025-10-24 11h34.53.076957 +0530,
49.0,60.0,89.0,84,0,12,t,10.775750958011486,None,12,0,84,4,332.8248548329575,,332.81423654197715,332.8248548329575,333.8030311669572,333.8030311669572,333.8198365829885,344.5902836669702,t,10.775750958011486,None,1,001,2025-10-24_11h34.24.710,delay discounting,,2025.1.1,None,2025-10-24 11h34.53.076957 +0530,
78.0,80.0,162.0,85,1,12,t,0.736678248969838,None,12,1,85,6,344.614812291984,,344.60053508298006,344.614812291984,345.586281707976,345.586281707976,345.6081391669577,346.32746054197196,t,0.736678248969838,None,1,001,2025-10-24_11h34.24.710,delay discounting,,2025.1.1,None,2025-10-24 11h34.53.076957 +0530,
15.0,35.0,13.0,86,2,12,l,2.4440557080088183,None,12,2,86,1,346.343589874974,,346.33398408297217,346.343589874974,347.32754233299056,347.32754233299056,347.3362124999985,349.7847079169587,l,2.4440557080088183,None,1,001,2025-10-24_11h34.24.710,delay discounting,,2025.1.1,None,2025-10-24 11h34.53.076957 +0530,
27.0,50.0,21.0,87,3,12,l,1.7643290829728357,None,12,3,87,2,349.8081196669955,,349.7959517079871,349.8081196669955,350.77741566696204,350.77741566696204,350.8036239579669,352.5591529170051,l,1.7643290829728357,None,1,001,2025-10-24_11h34.24.710,delay discounting,,2025.1.1,None,2025-10-24 11h34.53.076957 +0530,
11.0,30.0,7.0,88,4,12,l,0.7448470820090733,None,12,4,88,0,352.5794048749958,,352.570469749975,352.5794048749958,353.5569907919853,353.5569907919853,353.57378045795485,354.3050069999881,l,0.7448470820090733,None,1,001,2025-10-24_11h34.24.710,delay discounting,,2025.1.1,None,2025-10-24 11h34.53.076957 +0530,
67.0,75.0,119.0,89,5,12,t,1.0644752910011448,None,12,5,89,5,354.32202108297497,,354.31354050000664,354.32202108297497,355.30321429198375,355.30321429198375,355.3195284999674,356.3716935829725,t,1.0644752910011448,None,1,001,2025-10-24_11h34.24.710,delay discounting,,2025.1.1,None,2025-10-24 11h34.53.076957 +0530,
40.0,55.0,62.0,90,6,12,t,2.9051935829920694,None,12,6,90,3,356.3901377499569,,356.37830787495477,356.3901377499569,357.36931316700066,357.36931316700066,357.3861499580089,360.29042233299697,t,2.9051935829920694,None,1,001,2025-10-24_11h34.24.710,delay discounting,,2025.1.1,None,2025-10-24 11h34.53.076957 +0530,
11.0,30.0,7.0,91,0,13,l,1.6262113740085624,None,13,0,91,0,360.31366970797535,,360.30283033300657,360.31366970797535,361.2862593329628,361.2862593329628,361.3090427920106,362.9196999169653,l,1.6262113740085624,None,1,001,2025-10-24_11h34.24.710,delay discounting,,2025.1.1,None,2025-10-24 11h34.53.076957 +0530,
67.0,75.0,119.0,92,1,13,t,3.0929452489945106,None,13,1,92,5,362.92898579197936,,362.9221679169568,362.92898579197936,363.9104118749965,363.9104118749965,363.92565191700123,367.0131292499718,t,3.0929452489945106,None,1,001,2025-10-24_11h34.24.710,delay discounting,,2025.1.1,None,2025-10-24 11h34.53.076957 +0530,
78.0,80.0,162.0,93,2,13,t,1.39351224899292,None,13,2,93,6,367.0320899169892,,367.0199370000046,367.0320899169892,368.0106681669713,368.0106681669713,368.02269341697684,369.4113446249976,t,1.39351224899292,None,1,001,2025-10-24_11h34.24.710,delay discounting,,2025.1.1,None,2025-10-24 11h34.53.076957 +0530,
49.0,60.0,89.0,94,3,13,t,2.9293825830100104,None,13,3,94,4,369.4293414579588,,369.41863679199014,369.4293414579588,370.4107638329733,370.4107638329733,370.42326333298115,373.3546699580038,t,2.9293825830100104,None,1,001,2025-10-24_11h34.24.710,delay discounting,,2025.1.1,None,2025-10-24 11h34.53.076957 +0530,
27.0,50.0,21.0,95,4,13,l,1.4082066240371205,None,13,4,95,2,373.3771337919752,,373.36415395798394,373.3771337919752,374.3529206250096,374.3529206250096,374.37567966699135,375.77323566697305,l,1.4082066240371205,None,1,001,2025-10-24_11h34.24.710,delay discounting,,2025.1.1,None,2025-10-24 11h34.53.076957 +0530,
40.0,55.0,62.0,96,5,13,t,0.8986535000149161,None,13,5,96,3,375.78885579196503,,375.78080733300885,375.78885579196503,376.7693247499992,376.7693247499992,376.7859328329796,377.6700759579544,t,0.8986535000149161,None,1,001,2025-10-24_11h34.24.710,delay discounting,,2025.1.1,None,2025-10-24 11h34.53.076957 +0530,
15.0,35.0,13.0,97,6,13,l,0.9437688330071978,None,13,6,97,1,377.67995199997677,,377.67325287498534,377.67995199997677,378.6600800419692,378.6600800419692,378.6754239999573,379.6239305419731,l,0.9437688330071978,None,1,001,2025-10-24_11h34.24.710,delay discounting,,2025.1.1,None,2025-10-24 11h34.53.076957 +0530,
11.0,30.0,7.0,98,0,14,l,1.1072277079802006,None,14,0,98,0,379.6385377079714,,379.6295324169914,379.6385377079714,380.6198168330011,380.6198168330011,380.6361758330022,381.73912104195915,l,1.1072277079802006,None,1,001,2025-10-24_11h34.24.710,delay discounting,,2025.1.1,None,2025-10-24 11h34.53.076957 +0530,
49.0,60.0,89.0,99,1,14,t,1.236296791001223,None,14,1,99,4,381.75820883299457,,381.74693691695575,381.75820883299457,382.73650549998274,382.73650549998274,382.75291916698916,383.97646516701207,t,1.236296791001223,None,1,001,2025-10-24_11h34.24.710,delay discounting,,2025.1.1,None,2025-10-24 11h34.53.076957 +0530,
78.0,80.0,162.0,100,2,14,t,1.536046666034963,None,14,2,100,6,383.99792758299736,,383.98442033299943,383.99792758299736,384.97673262498574,384.97673262498574,384.989712999959,386.5212306669564,t,1.536046666034963,None,1,001,2025-10-24_11h34.24.710,delay discounting,,2025.1.1,None,2025-10-24 11h34.53.076957 +0530,
15.0,35.0,13.0,101,3,14,l,5.603995290992316,None,14,3,101,1,386.5388028330053,,386.527503166988,386.5388028330053,387.51923749997513,387.51923749997513,387.536168791994,393.1284315419616,l,5.603995290992316,None,1,001,2025-10-24_11h34.24.710,delay discounting,,2025.1.1,None,2025-10-24 11h34.53.076957 +0530,
67.0,75.0,119.0,102,4,14,t,1.6727972909575328,None,14,4,102,5,393.15848499996355,,393.1484099579975,393.15848499996355,394.1285327919759,394.1285327919759,394.1582715419936,395.8044025420095,t,1.6727972909575328,None,1,001,2025-10-24_11h34.24.710,delay discounting,,2025.1.1,None,2025-10-24 11h34.53.076957 +0530,
27.0,50.0,21.0,103,5,14,l,1.8806329159997404,None,14,5,103,2,395.81666999997105,,395.809182374971,395.81666999997105,396.80265491700266,396.80265491700266,396.80827083298936,398.6888357079588,l,1.8806329159997404,None,1,001,2025-10-24_11h34.24.710,delay discounting,,2025.1.1,None,2025-10-24 11h34.53.076957 +0530,
40.0,55.0,62.0,104,6,14,t,0.7609876659698784,None,14,6,104,3,398.7080334579805,,398.6984400000074,398.7080334579805,399.6863231669995,399.6863231669995,399.70270525000524,400.4547042080085,t,0.7609876659698784,None,1,001,2025-10-24_11h34.24.710,delay discounting,,2025.1.1,None,2025-10-24 11h34.53.076957 +0530,
