pos,corr_resp,thisN,thisTrialN,thisRepN,key_resp.keys,key_resp.corr,key_resp.rt,key_resp.duration,trials.thisRepN,trials.thisTrialN,trials.thisN,trials.thisIndex,trials_2.thisRepN,trials_2.thisTrialN,trials_2.thisN,trials_2.thisIndex,thisRow.t,notes,trial.started,fixation.started,line1.started,line2.started,line3.started,line4.started,fixation.stopped,probe.started,key_resp.started,trial.stopped,trials.key_resp.keys,trials.key_resp.corr,trials.key_resp.rt,trials.key_resp.duration,trials_2.key_resp.keys,trials_2.key_resp.corr,trials_2.key_resp.rt,trials_2.key_resp.duration,participant,session,date,expName,expVersion,psychopyVersion,frameRate,expStart,
-50,x,0,0,0,x,1,0.713618581998162,None,0,0,0,0,,,,,0.0628575830050977,,0.05401058300049044,0.0628575830050977,1.0141883329924894,1.0141883329924894,1.0141883329924894,1.0141883329924894,1.056550541004981,1.9942870829981985,1.9942870829981985,3.0804234579991316,x,1,0.713618581998162,None,,,,,2,001,2025-10-02_13h37.06.607,Motor Sequence Learning,,2025.1.1,None,2025-10-02 13h37.15.940823 +0530,
150,v,1,1,0,v,1,0.6401674160006223,None,0,1,1,1,,,,,3.100875415999326,,3.0807490830047755,3.100875415999326,4.077107249991968,4.077107249991968,4.077107249991968,4.077107249991968,4.09234641600051,5.076520332993823,5.076520332993823,5.721310207998613,v,1,0.6401674160006223,None,,,,,2,001,2025-10-02_13h37.06.607,Motor Sequence Learning,,2025.1.1,None,2025-10-02 13h37.15.940823 +0530,
50,c ,2,2,0,c,0,0.7288806660071714,None,0,2,2,2,,,,,5.729967416002182,,5.721769458003109,5.729967416002182,6.719838707998861,6.719838707998861,6.719838707998861,6.719838707998861,6.726477707998129,7.719880165997893,7.719880165997893,8.454983040996012,c,0,0.7288806660071714,None,,,,,2,001,2025-10-02_13h37.06.607,Motor Sequence Learning,,2025.1.1,None,2025-10-02 13h37.15.940823 +0530,
-150,z,3,3,0,z,1,0.6606160829978762,None,0,3,3,3,,,,,8.468967291002627,,8.45581349999702,8.468967291002627,9.452109958001529,9.452109958001529,9.452109958001529,9.452109958001529,9.455341332999524,10.453049874995486,10.453049874995486,11.121445415992639,z,1,0.6606160829978762,None,,,,,2,001,2025-10-02_13h37.06.607,Motor Sequence Learning,,2025.1.1,None,2025-10-02 13h37.15.940823 +0530,
-50,x,4,0,1,x,1,0.5117906240047887,None,1,0,4,0,,,,,11.133821750001516,,11.12220712499402,11.133821750001516,12.119691457992303,12.119691457992303,12.119691457992303,12.119691457992303,12.12597204100166,13.119736207998358,13.119736207998358,13.638273791002575,x,1,0.5117906240047887,None,,,,,2,001,2025-10-02_13h37.06.607,Motor Sequence Learning,,2025.1.1,None,2025-10-02 13h37.15.940823 +0530,
150,v,5,1,1,v,1,0.6751330409897491,None,1,1,5,1,,,,,13.650345082991407,,13.639089165997575,13.650345082991407,14.636411083003622,14.636411083003622,14.636411083003622,14.636411083003622,14.642528750002384,15.636294957992504,15.636294957992504,16.32130408300145,v,1,0.6751330409897491,None,,,,,2,001,2025-10-02_13h37.06.607,Motor Sequence Learning,,2025.1.1,None,2025-10-02 13h37.15.940823 +0530,
50,c ,6,2,1,c,0,0.6048215820046607,None,1,2,6,2,,,,,16.33320824999828,,16.32192366599338,16.33320824999828,17.31973933300469,17.31973933300469,17.31973933300469,17.31973933300469,17.325878290997935,18.319618708002963,18.319618708002963,18.92759062499681,c,0,0.6048215820046607,None,,,,,2,001,2025-10-02_13h37.06.607,Motor Sequence Learning,,2025.1.1,None,2025-10-02 13h37.15.940823 +0530,
-150,z,7,3,1,z,1,0.5636564990127226,None,1,3,7,3,,,,,18.938836540997727,,18.92808062500262,18.938836540997727,19.92578245799814,19.92578245799814,19.92578245799814,19.92578245799814,19.9360100000049,20.926694249996217,20.926694249996217,21.494107332997373,z,1,0.5636564990127226,None,,,,,2,001,2025-10-02_13h37.06.607,Motor Sequence Learning,,2025.1.1,None,2025-10-02 13h37.15.940823 +0530,
-50,x,8,0,2,x,1,0.4905200820066966,None,2,0,8,0,,,,,21.505331124993972,,21.494609207991743,21.505331124993972,22.49292570799298,22.49292570799298,22.49292570799298,22.49292570799298,22.503013207999174,23.493759791002958,23.493759791002958,23.98841854100465,x,1,0.4905200820066966,None,,,,,2,001,2025-10-02_13h37.06.607,Motor Sequence Learning,,2025.1.1,None,2025-10-02 13h37.15.940823 +0530,
150,v,9,1,2,v,1,0.5337972909910604,None,2,1,9,1,,,,,24.000295374993584,,23.98922229099844,24.000295374993584,24.98607804099447,24.98607804099447,24.98607804099447,24.98607804099447,24.99283883300086,25.986417041000095,25.986417041000095,26.527066249997006,v,1,0.5337972909910604,None,,,,,2,001,2025-10-02_13h37.06.607,Motor Sequence Learning,,2025.1.1,None,2025-10-02 13h37.15.940823 +0530,
50,c ,10,2,2,c,0,0.5185277910059085,None,2,2,10,2,,,,,26.53878912499931,,26.527587832999416,26.53878912499931,27.526880249992246,27.526880249992246,27.526880249992246,27.526880249992246,27.536453458000324,28.526549457994406,28.526549457994406,29.054785500004073,c,0,0.5185277910059085,None,,,,,2,001,2025-10-02_13h37.06.607,Motor Sequence Learning,,2025.1.1,None,2025-10-02 13h37.15.940823 +0530,
-150,z,11,3,2,z,1,0.4061182080040453,None,2,3,11,3,,,,,29.066777000000002,,29.055514249994303,29.066777000000002,30.053075707997777,30.053075707997777,30.053075707997777,30.053075707997777,30.059334499994293,31.052955207997,31.052955207997,31.460625583000365,z,1,0.4061182080040453,None,,,,,2,001,2025-10-02_13h37.06.607,Motor Sequence Learning,,2025.1.1,None,2025-10-02 13h37.15.940823 +0530,
-50,x,12,0,3,x,1,0.3547138330031885,None,3,0,12,0,,,,,31.472107958004926,,31.461109166004462,31.472107958004926,32.460532375000184,32.460532375000184,32.460532375000184,32.460532375000184,32.46887345799769,33.45930279100139,33.45930279100139,33.82177945799776,x,1,0.3547138330031885,None,,,,,2,001,2025-10-02_13h37.06.607,Motor Sequence Learning,,2025.1.1,None,2025-10-02 13h37.15.940823 +0530,
150,v,13,1,3,v,1,0.2912664159957785,None,3,1,13,1,,,,,33.83486758300569,,33.82266320800409,33.83486758300569,34.819646040996304,34.819646040996304,34.819646040996304,34.819646040996304,34.82568845800415,35.81961633299943,35.81961633299943,36.121411250001984,v,1,0.2912664159957785,None,,,,,2,001,2025-10-02_13h37.06.607,Motor Sequence Learning,,2025.1.1,None,2025-10-02 13h37.15.940823 +0530,
50,c ,14,2,3,c,0,0.2911082909995457,None,3,2,14,2,,,,,36.13331566599663,,36.122200707992306,36.13331566599663,37.1196703750029,37.1196703750029,37.1196703750029,37.1196703750029,37.12612220799201,38.11967495799763,38.11967495799763,38.42120195800089,c,0,0.2911082909995457,None,,,,,2,001,2025-10-02_13h37.06.607,Motor Sequence Learning,,2025.1.1,None,2025-10-02 13h37.15.940823 +0530,
-150,z,15,3,3,z,1,0.3361407490010606,None,3,3,15,3,,,,,38.432903207998606,,38.42176408300293,38.432903207998606,39.41984716600564,39.41984716600564,39.41984716600564,39.41984716600564,39.42676200000278,40.41958120799973,40.41958120799973,40.76039104099618,z,1,0.3361407490010606,None,,,,,2,001,2025-10-02_13h37.06.607,Motor Sequence Learning,,2025.1.1,None,2025-10-02 13h37.15.940823 +0530,
-50,x,16,0,4,x,1,0.314291749993572,None,4,0,16,0,,,,,40.77182116599579,,40.76088970799174,40.77182116599579,41.760424416002934,41.760424416002934,41.760424416002934,41.760424416002934,41.7694793749979,42.752414916001726,42.752414916001726,43.071004957993864,x,1,0.314291749993572,None,,,,,2,001,2025-10-02_13h37.06.607,Motor Sequence Learning,,2025.1.1,None,2025-10-02 13h37.15.940823 +0530,
150,v,17,1,4,v,1,0.2630234160023974,None,4,1,17,1,,,,,43.082652750003035,,43.07163408299675,43.082652750003035,44.069578957991325,44.069578957991325,44.069578957991325,44.069578957991325,44.075940833005006,45.06968320799933,45.06968320799933,45.337632249997114,v,1,0.2630234160023974,None,,,,,2,001,2025-10-02_13h37.06.607,Motor Sequence Learning,,2025.1.1,None,2025-10-02 13h37.15.940823 +0530,
50,c ,18,2,4,c,0,0.2534442080068402,None,4,2,18,2,,,,,45.350008624998736,,45.33834441599902,45.350008624998736,46.33656579100352,46.33656579100352,46.33656579100352,46.33656579100352,46.34320133300207,47.33614870799647,47.33614870799647,47.593354915996315,c,0,0.2534442080068402,None,,,,,2,001,2025-10-02_13h37.06.607,Motor Sequence Learning,,2025.1.1,None,2025-10-02 13h37.15.940823 +0530,
-150,z,19,3,4,z,1,0.284433541004546,None,4,3,19,3,,,,,47.604904374995385,,47.59384516600403,47.604904374995385,48.59363754099468,48.59363754099468,48.59363754099468,48.59363754099468,48.60296241600008,49.59304004099977,49.59304004099977,49.88822829100536,z,1,0.284433541004546,None,,,,,2,001,2025-10-02_13h37.06.607,Motor Sequence Learning,,2025.1.1,None,2025-10-02 13h37.15.940823 +0530,
-50,x,20,0,5,x,1,0.34167862399772275,None,5,0,20,0,,,,,49.90047862500069,,49.88905962499848,49.90047862500069,50.886255582998274,50.886255582998274,50.886255582998274,50.886255582998274,50.893400332992314,51.88576566599659,51.88576566599659,52.237740290991496,x,1,0.34167862399772275,None,,,,,2,001,2025-10-02_13h37.06.607,Motor Sequence Learning,,2025.1.1,None,2025-10-02 13h37.15.940823 +0530,
150,v,21,1,5,v,1,0.28608754099695943,None,5,1,21,1,,,,,52.24962983299338,,52.23830333299702,52.24962983299338,53.236341291005374,53.236341291005374,53.236341291005374,53.236341291005374,53.24337695799477,54.23631216600188,54.23631216600188,54.52730016599526,v,1,0.28608754099695943,None,,,,,2,001,2025-10-02_13h37.06.607,Motor Sequence Learning,,2025.1.1,None,2025-10-02 13h37.15.940823 +0530,
50,c ,22,2,5,c,0,0.2478684579982655,None,5,2,22,2,,,,,54.53851337499509,,54.52779362499132,54.53851337499509,55.5269750830048,55.5269750830048,55.5269750830048,55.5269750830048,55.53628391599341,56.526553250005236,56.526553250005236,56.77729137499409,c,0,0.2478684579982655,None,,,,,2,001,2025-10-02_13h37.06.607,Motor Sequence Learning,,2025.1.1,None,2025-10-02 13h37.15.940823 +0530,
-150,z,23,3,5,z,1,0.31830858199100476,None,5,3,23,3,,,,,56.78828599999542,,56.77778487499745,56.78828599999542,57.76852524999413,57.76852524999413,57.76852524999413,57.76852524999413,57.78888970799744,58.776884332997724,58.776884332997724,59.104524124995805,z,1,0.31830858199100476,None,,,,,2,001,2025-10-02_13h37.06.607,Motor Sequence Learning,,2025.1.1,None,2025-10-02 13h37.15.940823 +0530,
-50,x,24,0,6,x,1,0.3194499579985859,None,6,0,24,0,,,,,59.11688162499922,,59.10513091599569,59.11688162499922,60.102894415991614,60.102894415991614,60.102894415991614,60.102894415991614,60.109049541002605,61.102760166002554,61.102760166002554,61.42735729100241,x,1,0.3194499579985859,None,,,,,2,001,2025-10-02_13h37.06.607,Motor Sequence Learning,,2025.1.1,None,2025-10-02 13h37.15.940823 +0530,
150,v,25,1,6,v,1,0.2812729989964282,None,6,1,25,1,,,,,61.43870212500042,,61.4278774580016,61.43870212500042,62.42638654100301,62.42638654100301,62.42638654100301,62.42638654100301,62.4362824580021,63.426812165998854,63.426812165998854,63.7105353329971,v,1,0.2812729989964282,None,,,,,2,001,2025-10-02_13h37.06.607,Motor Sequence Learning,,2025.1.1,None,2025-10-02 13h37.15.940823 +0530,
50,c ,26,2,6,c,0,0.3057099580037175,None,6,2,26,2,,,,,63.72155170800397,,63.71103237499483,63.72155170800397,64.70956316600495,64.70956316600495,64.70956316600495,64.70956316600495,64.71974941599183,65.71031045800191,65.71031045800191,66.02097862500523,c,0,0.3057099580037175,None,,,,,2,001,2025-10-02_13h37.06.607,Motor Sequence Learning,,2025.1.1,None,2025-10-02 13h37.15.940823 +0530,
-150,z,27,3,6,z,1,0.329852998998831,None,6,3,27,3,,,,,66.03318216599291,,66.02156020799885,66.03318216599291,67.01961870800005,67.01961870800005,67.01961870800005,67.01961870800005,67.0260317499924,68.0181328329927,68.0181328329927,68.35509787499905,z,1,0.329852998998831,None,,,,,2,001,2025-10-02_13h37.06.607,Motor Sequence Learning,,2025.1.1,None,2025-10-02 13h37.15.940823 +0530,
-50,x,28,0,7,x,1,0.3460331239912193,None,7,0,28,0,,,,,68.36820941600308,,68.35620158299571,68.36820941600308,69.35320112499176,69.35320112499176,69.35320112499176,69.35320112499176,69.35989566599892,70.35294675000478,70.35294675000478,70.70407270800206,x,1,0.3460331239912193,None,,,,,2,001,2025-10-02_13h37.06.607,Motor Sequence Learning,,2025.1.1,None,2025-10-02 13h37.15.940823 +0530,
150,v,29,1,7,v,1,0.32909674900292885,None,7,1,29,1,,,,,70.71609429099772,,70.70472266599245,70.71609429099772,71.70303458299895,71.70303458299895,71.70303458299895,71.70303458299895,71.70908950000012,72.70284612500109,72.70284612500109,73.03793900000164,v,1,0.32909674900292885,None,,,,,2,001,2025-10-02_13h37.06.607,Motor Sequence Learning,,2025.1.1,None,2025-10-02 13h37.15.940823 +0530,
50,c ,30,2,7,c,0,0.27637362500536256,None,7,2,30,2,,,,,73.05035666600452,,73.03879866599164,73.05035666600452,74.03617604100145,74.03617604100145,74.03617604100145,74.03617604100145,74.04222524999932,75.03630279099161,75.03630279099161,75.32093070799601,c,0,0.27637362500536256,None,,,,,2,001,2025-10-02_13h37.06.607,Motor Sequence Learning,,2025.1.1,None,2025-10-02 13h37.15.940823 +0530,
-150,z,31,3,7,z,1,0.3351859160029562,None,7,3,31,3,,,,,75.33244987500075,,75.3214688750013,75.33244987500075,76.31968208300532,76.31968208300532,76.31968208300532,76.31968208300532,76.32623774999229,77.31954720799695,77.31954720799695,77.6606305000023,z,1,0.3351859160029562,None,,,,,2,001,2025-10-02_13h37.06.607,Motor Sequence Learning,,2025.1.1,None,2025-10-02 13h37.15.940823 +0530,
-50,x,32,0,8,x,1,0.31517529099073727,None,8,0,32,0,,,,,77.67204249999486,,77.66111920800176,77.67204249999486,78.66024641599506,78.66024641599506,78.66024641599506,78.66024641599506,78.6687532079959,79.66036129099666,79.66036129099666,79.98737804099801,x,1,0.31517529099073727,None,,,,,2,001,2025-10-02_13h37.06.607,Motor Sequence Learning,,2025.1.1,None,2025-10-02 13h37.15.940823 +0530,
150,v,33,1,8,v,1,0.3574964160070522,None,8,1,33,1,,,,,79.99584670799959,,79.98825199999555,79.99584670799959,80.98615308299486,80.98615308299486,80.98615308299486,80.98615308299486,80.99186870799167,81.9860756249982,81.9860756249982,82.35431616600545,v,1,0.3574964160070522,None,,,,,2,001,2025-10-02_13h37.06.607,Motor Sequence Learning,,2025.1.1,None,2025-10-02 13h37.15.940823 +0530,
50,c ,34,2,8,c,0,0.27980162399762776,None,8,2,34,2,,,,,82.3655437080015,,82.35488549999718,82.3655437080015,83.35298516599869,83.35298516599869,83.35298516599869,83.35298516599869,83.35963674999948,84.3528194160026,84.3528194160026,84.63791179099644,c,0,0.27980162399762776,None,,,,,2,001,2025-10-02_13h37.06.607,Motor Sequence Learning,,2025.1.1,None,2025-10-02 13h37.15.940823 +0530,
-150,z,35,3,8,z,1,0.34831174899591133,None,8,3,35,3,,,,,84.64973433299747,,84.63860908300558,84.64973433299747,85.63627937500132,85.63627937500132,85.63627937500132,85.63627937500132,85.64216995799507,86.63614220799354,86.63614220799354,86.98791554100171,z,1,0.34831174899591133,None,,,,,2,001,2025-10-02_13h37.06.607,Motor Sequence Learning,,2025.1.1,None,2025-10-02 13h37.15.940823 +0530,
-50,x,36,0,9,x,1,0.3101464570063399,None,9,0,36,0,,,,,87.00043291600014,,86.98877433300368,87.00043291600014,87.9859834999952,87.9859834999952,87.9859834999952,87.9859834999952,87.99295625000377,88.986244832995,88.986244832995,89.30422616600117,x,1,0.3101464570063399,None,,,,,2,001,2025-10-02_13h37.06.607,Motor Sequence Learning,,2025.1.1,None,2025-10-02 13h37.15.940823 +0530,
150,v,37,1,9,v,1,0.3285772490053205,None,9,1,37,1,,,,,89.31600150000304,,89.30477929099288,89.31600150000304,90.30287416599458,90.30287416599458,90.30287416599458,90.30287416599458,90.30987883299531,91.30281658300373,91.30281658300373,91.63764349999838,v,1,0.3285772490053205,None,,,,,2,001,2025-10-02_13h37.06.607,Motor Sequence Learning,,2025.1.1,None,2025-10-02 13h37.15.940823 +0530,
50,c ,38,2,9,c,0,0.2970749999949476,None,9,2,38,2,,,,,91.64952662499854,,91.63823979100562,91.64952662499854,92.63577845800319,92.63577845800319,92.63577845800319,92.63577845800319,92.64183929099818,93.63621137499285,93.63621137499285,93.93780654099828,c,0,0.2970749999949476,None,,,,,2,001,2025-10-02_13h37.06.607,Motor Sequence Learning,,2025.1.1,None,2025-10-02 13h37.15.940823 +0530,
-150,z,39,3,9,z,1,0.2881729579967214,None,9,3,39,3,,,,,93.95026254099503,,93.93855725000321,93.95026254099503,94.93593483300356,94.93593483300356,94.93593483300356,94.93593483300356,94.94299183299881,95.93606429100328,95.93606429100328,96.22654520800279,z,1,0.2881729579967214,None,,,,,2,001,2025-10-02_13h37.06.607,Motor Sequence Learning,,2025.1.1,None,2025-10-02 13h37.15.940823 +0530,
-50,x,40,0,10,x,1,0.37296429100388195,None,10,0,40,0,,,,,96.23844954099332,,96.2271042909997,96.23844954099332,97.22633004099771,97.22633004099771,97.22633004099771,97.22633004099771,97.23617262499465,98.22619970799133,98.22619970799133,98.60413033299847,x,1,0.37296429100388195,None,,,,,2,001,2025-10-02_13h37.06.607,Motor Sequence Learning,,2025.1.1,None,2025-10-02 13h37.15.940823 +0530,
150,v,41,1,10,v,1,0.412065333002829,None,10,1,41,1,,,,,98.6161307500006,,98.60469729099714,98.6161307500006,99.60299804099486,99.60299804099486,99.60299804099486,99.60299804099486,99.60951258300338,100.60197654100193,100.60197654100193,101.0210947500018,v,1,0.412065333002829,None,,,,,2,001,2025-10-02_13h37.06.607,Motor Sequence Learning,,2025.1.1,None,2025-10-02 13h37.15.940823 +0530,
50,c ,42,2,10,c,0,0.3065447070111986,None,10,2,42,2,,,,,101.03274558299745,,101.02163770799234,101.03274558299745,102.01964908299851,102.01964908299851,102.01964908299851,102.01964908299851,102.02610262499365,103.01836916599132,103.01836916599132,103.32704216599814,c,0,0.3065447070111986,None,,,,,2,001,2025-10-02_13h37.06.607,Motor Sequence Learning,,2025.1.1,None,2025-10-02 13h37.15.940823 +0530,
-150,z,43,3,10,z,1,0.32925991600495763,None,10,3,43,3,,,,,103.33869054100069,,103.32754666599794,103.33869054100069,104.32690591599385,104.32690591599385,104.32690591599385,104.32690591599385,104.33608141599689,105.32655958300165,105.32655958300165,105.66006349999225,z,1,0.32925991600495763,None,,,,,2,001,2025-10-02_13h37.06.607,Motor Sequence Learning,,2025.1.1,None,2025-10-02 13h37.15.940823 +0530,
-50,x,44,0,11,x,1,0.4624125819973415,None,11,0,44,0,,,,,105.66857970799902,,105.66056179099542,105.66857970799902,106.65934312499303,106.65934312499303,106.65934312499303,106.65934312499303,106.65934312499303,107.65950729099859,107.65950729099859,108.12716345800436,x,1,0.4624125819973415,None,,,,,2,001,2025-10-02_13h37.06.607,Motor Sequence Learning,,2025.1.1,None,2025-10-02 13h37.15.940823 +0530,
150,v,45,1,11,v,1,0.454190665986971,None,11,1,45,1,,,,,108.13808629100095,,108.12766404099239,108.13808629100095,109.12637658299354,109.12637658299354,109.12637658299354,109.12637658299354,109.13611725000374,110.12661879099323,110.12661879099323,110.58741466599167,v,1,0.454190665986971,None,,,,,2,001,2025-10-02_13h37.06.607,Motor Sequence Learning,,2025.1.1,None,2025-10-02 13h37.15.940823 +0530,
50,c ,46,2,11,c,0,0.33767133300716523,None,11,2,46,2,,,,,110.59927462499763,,110.58795079099946,110.59927462499763,111.5862344999914,111.5862344999914,111.5862344999914,111.5862344999914,111.59274083300261,112.58607570799359,112.58607570799359,112.9270567499916,c,0,0.33767133300716523,None,,,,,2,001,2025-10-02_13h37.06.607,Motor Sequence Learning,,2025.1.1,None,2025-10-02 13h37.15.940823 +0530,
-150,z,47,3,11,z,1,0.3129313329991419,None,11,3,47,3,,,,,112.93886212499638,,112.92873287499242,112.93886212499638,113.9259222499968,113.9259222499968,113.9259222499968,113.9259222499968,113.9361992500053,114.92674783300026,114.92674783300026,115.24373287499475,z,1,0.3129313329991419,None,,,,,2,001,2025-10-02_13h37.06.607,Motor Sequence Learning,,2025.1.1,None,2025-10-02 13h37.15.940823 +0530,
-50,x,48,0,12,x,1,0.3045620820048498,None,12,0,48,0,,,,,115.25486270799593,,115.24424662499223,115.25486270799593,116.2425493329938,116.2425493329938,116.2425493329938,116.2425493329938,116.2527235000016,117.2429564579943,117.2429564579943,117.5547445830016,x,1,0.3045620820048498,None,,,,,2,001,2025-10-02_13h37.06.607,Motor Sequence Learning,,2025.1.1,None,2025-10-02 13h37.15.940823 +0530,
150,v,49,1,12,v,1,0.3078554990061093,None,12,1,49,1,,,,,117.56730933299696,,117.55572095800017,117.56730933299696,118.55258029099787,118.55258029099787,118.55258029099787,118.55258029099787,118.55836987499788,119.55270554100571,119.55270554100571,119.87114704100532,v,1,0.3078554990061093,None,,,,,2,001,2025-10-02_13h37.06.607,Motor Sequence Learning,,2025.1.1,None,2025-10-02 13h37.15.940823 +0530,
50,c ,50,2,12,c,0,0.28816966598969884,None,12,2,50,2,,,,,119.88328174999333,,119.8719164159993,119.88328174999333,120.86960195799475,120.86960195799475,120.86960195799475,120.86960195799475,120.87610233300074,121.86924179099151,121.86924179099151,122.16021487499529,c,0,0.28816966598969884,None,,,,,2,001,2025-10-02_13h37.06.607,Motor Sequence Learning,,2025.1.1,None,2025-10-02 13h37.15.940823 +0530,
-150,z,51,3,12,z,1,0.3805744580022292,None,12,3,51,3,,,,,122.17145174999314,,122.16072116600117,122.17145174999314,123.15982083299605,123.15982083299605,123.15982083299605,123.15982083299605,123.16935174999526,124.15981650000322,124.15981650000322,124.54357745799643,z,1,0.3805744580022292,None,,,,,2,001,2025-10-02_13h37.06.607,Motor Sequence Learning,,2025.1.1,None,2025-10-02 13h37.15.940823 +0530,
-50,x,52,0,13,x,1,0.4095892500045011,None,13,0,52,0,,,,,124.55486195799313,,124.54407766599616,124.55486195799313,125.54326179099735,125.54326179099735,125.54326179099735,125.54326179099735,125.55266745800327,126.54274045799684,126.54274045799684,126.95424545799324,x,1,0.4095892500045011,None,,,,,2,001,2025-10-02_13h37.06.607,Motor Sequence Learning,,2025.1.1,None,2025-10-02 13h37.15.940823 +0530,
150,v,53,1,13,v,1,0.30246620801335666,None,13,1,53,1,,,,,126.9666414999956,,126.95509487499658,126.9666414999956,127.95300737499201,127.95300737499201,127.95300737499201,127.95300737499201,127.96038950000366,128.9527065000002,128.9527065000002,129.2633895829931,v,1,0.30246620801335666,None,,,,,2,001,2025-10-02_13h37.06.607,Motor Sequence Learning,,2025.1.1,None,2025-10-02 13h37.15.940823 +0530,
50,c ,54,2,13,c,0,0.2998893330077408,None,13,2,54,2,,,,,129.28595670800132,,129.2646234999993,129.28595670800132,130.26061729100184,130.26061729100184,130.26061729100184,130.26061729100184,130.27422866599227,131.2592890829983,131.2592890829983,131.57110091600043,c,0,0.2998893330077408,None,,,,,2,001,2025-10-02_13h37.06.607,Motor Sequence Learning,,2025.1.1,None,2025-10-02 13h37.15.940823 +0530,
-150,z,55,3,13,z,1,0.29867316599120386,None,13,3,55,3,,,,,131.58247404100257,,131.57187341600365,131.58247404100257,132.56936774999485,132.56936774999485,132.56936774999485,132.56936774999485,132.57570945800398,133.56946258299286,133.56946258299286,133.87109108299774,z,1,0.29867316599120386,None,,,,,2,001,2025-10-02_13h37.06.607,Motor Sequence Learning,,2025.1.1,None,2025-10-02 13h37.15.940823 +0530,
-50,x,56,0,14,x,1,0.6100219569925684,None,14,0,56,0,,,,,133.8824644999986,,133.87185324999155,133.8824644999986,134.86930241600203,134.86930241600203,134.86930241600203,134.86930241600203,134.87603600000148,135.86931658300455,135.86931658300455,136.48754708300112,x,1,0.6100219569925684,None,,,,,2,001,2025-10-02_13h37.06.607,Motor Sequence Learning,,2025.1.1,None,2025-10-02 13h37.15.940823 +0530,
150,v,57,1,14,v,1,0.297966081998311,None,14,1,57,1,,,,,136.49851983299595,,136.4881129580026,136.49851983299595,137.4859664579999,137.4859664579999,137.4859664579999,137.4859664579999,137.49240558300517,138.4860419579927,138.4860419579927,138.78747529099928,v,1,0.297966081998311,None,,,,,2,001,2025-10-02_13h37.06.607,Motor Sequence Learning,,2025.1.1,None,2025-10-02 13h37.15.940823 +0530,
50,c ,58,2,14,c,0,0.29188862499722745,None,14,2,58,2,,,,,138.79973066599632,,138.78817070799414,138.79973066599632,139.78612070799863,139.78612070799863,139.78612070799863,139.78612070799863,139.7920562079962,140.78599083299923,140.78599083299923,141.08765795799263,c,0,0.29188862499722745,None,,,,,2,001,2025-10-02_13h37.06.607,Motor Sequence Learning,,2025.1.1,None,2025-10-02 13h37.15.940823 +0530,
-150,z,59,3,14,z,1,0.30067887499171775,None,14,3,59,3,,,,,141.10018170799594,,141.08831979100069,141.10018170799594,142.0860663749918,142.0860663749918,142.0860663749918,142.0860663749918,142.0926749999926,143.08603654100443,143.08603654100443,143.3945426249993,z,1,0.30067887499171775,None,,,,,2,001,2025-10-02_13h37.06.607,Motor Sequence Learning,,2025.1.1,None,2025-10-02 13h37.15.940823 +0530,
-50,x,60,0,15,x,1,0.35773674900701735,None,15,0,60,0,,,,,143.40566441600095,,143.3952142079943,143.40566441600095,144.39255062499433,144.39255062499433,144.39255062499433,144.39255062499433,144.40263549999509,145.39302454100107,145.39302454100107,145.75419920799322,x,1,0.35773674900701735,None,,,,,2,001,2025-10-02_13h37.06.607,Motor Sequence Learning,,2025.1.1,None,2025-10-02 13h37.15.940823 +0530,
150,v,61,1,15,v,1,0.28010245799669065,None,15,1,61,1,,,,,145.7675520000048,,145.75486391599406,145.7675520000048,146.75192116599646,146.75192116599646,146.75192116599646,146.75192116599646,146.75711566599784,147.7526064160047,147.7526064160047,148.03763412499393,v,1,0.28010245799669065,None,,,,,2,001,2025-10-02_13h37.06.607,Motor Sequence Learning,,2025.1.1,None,2025-10-02 13h37.15.940823 +0530,
50,c ,62,2,15,c,0,0.2677177080040565,None,15,2,62,2,,,,,148.049907624998,,148.03823295800248,148.049907624998,149.0360496659996,149.0360496659996,149.0360496659996,149.0360496659996,149.04276120799477,150.03590487499605,150.03590487499605,150.30965229100548,c,0,0.2677177080040565,None,,,,,2,001,2025-10-02_13h37.06.607,Motor Sequence Learning,,2025.1.1,None,2025-10-02 13h37.15.940823 +0530,
-150,z,63,3,15,z,1,0.31984749900584575,None,15,3,63,3,,,,,150.32133858300222,,150.3101490830013,150.32133858300222,151.30962691600143,151.30962691600143,151.30962691600143,151.30962691600143,151.31929749999836,152.30975666599988,152.30975666599988,152.63743808299478,z,1,0.31984749900584575,None,,,,,2,001,2025-10-02_13h37.06.607,Motor Sequence Learning,,2025.1.1,None,2025-10-02 13h37.15.940823 +0530,
-50,x,64,0,16,x,1,0.34456233300443273,None,16,0,64,0,,,,,152.64858762499352,,152.6379706250009,152.64858762499352,153.63559633299883,153.63559633299883,153.63559633299883,153.63559633299883,153.64220358300372,154.63597008299257,154.63597008299257,154.98733933300537,x,1,0.34456233300443273,None,,,,,2,001,2025-10-02_13h37.06.607,Motor Sequence Learning,,2025.1.1,None,2025-10-02 13h37.15.940823 +0530,
150,v,65,1,16,v,1,0.41727941599674523,None,16,1,65,1,,,,,154.99854354100535,,154.9879361659987,154.99854354100535,155.98596945799363,155.98596945799363,155.98596945799363,155.98596945799363,155.99201516600442,156.9860783329932,156.9860783329932,157.41014466599154,v,1,0.41727941599674523,None,,,,,2,001,2025-10-02_13h37.06.607,Motor Sequence Learning,,2025.1.1,None,2025-10-02 13h37.15.940823 +0530,
50,c ,66,2,16,c,0,0.28391216600721236,None,16,2,66,2,,,,,157.4217187500035,,157.41064704100427,157.4217187500035,158.4095548750047,158.4095548750047,158.4095548750047,158.4095548750047,158.41927112499252,159.40949512500083,159.40949512500083,159.70441545799258,c,0,0.28391216600721236,None,,,,,2,001,2025-10-02_13h37.06.607,Motor Sequence Learning,,2025.1.1,None,2025-10-02 13h37.15.940823 +0530,
-150,z,67,3,16,z,1,0.31786549898970407,None,16,3,67,3,,,,,159.71622833299625,,159.70512916600273,159.71622833299625,160.7025743330014,160.7025743330014,160.7025743330014,160.7025743330014,160.7087894580036,161.70261041600315,161.70261041600315,162.02598175000458,z,1,0.31786549898970407,None,,,,,2,001,2025-10-02_13h37.06.607,Motor Sequence Learning,,2025.1.1,None,2025-10-02 13h37.15.940823 +0530,
-50,x,68,0,17,x,1,0.346074999004486,None,17,0,68,0,,,,,162.03799024999898,,162.0264958750049,162.03799024999898,163.0192529999913,163.0192529999913,163.0192529999913,163.0192529999913,163.03594966599485,164.01913375000004,164.01913375000004,164.37043179100147,x,1,0.346074999004486,None,,,,,2,001,2025-10-02_13h37.06.607,Motor Sequence Learning,,2025.1.1,None,2025-10-02 13h37.15.940823 +0530,
150,v,69,1,17,v,1,0.27489841599890497,None,17,1,69,1,,,,,164.38337441599288,,164.37098766599956,164.38337441599288,165.3694220000034,165.3694220000034,165.3694220000034,165.3694220000034,165.3762264160032,166.3692822909943,166.3692822909943,166.65435425000032,v,1,0.27489841599890497,None,,,,,2,001,2025-10-02_13h37.06.607,Motor Sequence Learning,,2025.1.1,None,2025-10-02 13h37.15.940823 +0530,
50,c ,70,2,17,c,0,0.3187064579979051,None,17,2,70,2,,,,,166.66727695800364,,166.6550443330052,166.66727695800364,167.65276570800052,167.65276570800052,167.65276570800052,167.65276570800052,167.65823837499192,168.65239662499516,168.65239662499516,168.97634179099987,c,0,0.3187064579979051,None,,,,,2,001,2025-10-02_13h37.06.607,Motor Sequence Learning,,2025.1.1,None,2025-10-02 13h37.15.940823 +0530,
-150,z,71,3,17,z,1,0.29888858199410606,None,17,3,71,3,,,,,168.9886888750043,,168.97690879099537,168.9886888750043,169.97690708299342,169.97690708299342,169.97690708299342,169.97690708299342,169.98592633299995,170.97609145799652,170.97609145799652,171.27724250000028,z,1,0.29888858199410606,None,,,,,2,001,2025-10-02_13h37.06.607,Motor Sequence Learning,,2025.1.1,None,2025-10-02 13h37.15.940823 +0530,
-50,x,72,0,18,x,1,0.3489788329898147,None,18,0,72,0,,,,,171.28840391599806,,171.27781741600484,171.28840391599806,172.27655133299413,172.27655133299413,172.27655133299413,172.27655133299413,172.28598466599942,173.2760025000025,173.2760025000025,173.62690691600437,x,1,0.3489788329898147,None,,,,,2,001,2025-10-02_13h37.06.607,Motor Sequence Learning,,2025.1.1,None,2025-10-02 13h37.15.940823 +0530,
150,v,73,1,18,v,1,0.4181099580018781,None,18,1,73,1,,,,,173.6383625830058,,173.62738141599402,173.6383625830058,174.82266950000485,174.82266950000485,174.82266950000485,174.82266950000485,174.82266950000485,175.625893000004,175.625893000004,176.05411983300291,v,1,0.4181099580018781,None,,,,,2,001,2025-10-02_13h37.06.607,Motor Sequence Learning,,2025.1.1,None,2025-10-02 13h37.15.940823 +0530,
50,c ,74,2,18,c,0,0.2813497500028461,None,18,2,74,2,,,,,176.0667551660008,,176.05468562500027,176.0667551660008,177.05258195799252,177.05258195799252,177.05258195799252,177.05258195799252,177.05811995800468,178.05252645799192,178.05252645799192,178.33726483299688,c,0,0.2813497500028461,None,,,,,2,001,2025-10-02_13h37.06.607,Motor Sequence Learning,,2025.1.1,None,2025-10-02 13h37.15.940823 +0530,
-150,z,75,3,18,z,1,0.2810321249999106,None,18,3,75,3,,,,,178.3493298329995,,178.3378912909975,178.3493298329995,179.3358892499964,179.3358892499964,179.3358892499964,179.3358892499964,179.34246795800573,180.33577491599135,180.33577491599135,180.62042491599277,z,1,0.2810321249999106,None,,,,,2,001,2025-10-02_13h37.06.607,Motor Sequence Learning,,2025.1.1,None,2025-10-02 13h37.15.940823 +0530,
-50,x,76,0,19,x,1,0.33964437499525957,None,19,0,76,0,,,,,180.63311491599598,,180.6209834159963,180.63311491599598,181.61918125000375,181.61918125000375,181.61918125000375,181.61918125000375,181.62618941599794,182.6190555409994,182.6190555409994,182.97116924999864,x,1,0.33964437499525957,None,,,,,2,001,2025-10-02_13h37.06.607,Motor Sequence Learning,,2025.1.1,None,2025-10-02 13h37.15.940823 +0530,
150,v,77,1,19,v,1,0.2734095830091974,None,19,1,77,1,,,,,182.9830459579971,,182.97199499999988,182.9830459579971,183.96957958300482,183.96957958300482,183.96957958300482,183.96957958300482,183.9763916660013,184.96922275000543,184.96922275000543,185.25441954100097,v,1,0.2734095830091974,None,,,,,2,001,2025-10-02_13h37.06.607,Motor Sequence Learning,,2025.1.1,None,2025-10-02 13h37.15.940823 +0530,
50,c ,78,2,19,c,0,0.36022666600183584,None,19,2,78,2,,,,,185.26617979099683,,185.25515987499966,185.26617979099683,186.25282733299537,186.25282733299537,186.25282733299537,186.25282733299537,186.25892916599696,187.2523879579967,187.2523879579967,187.62063462499646,c,0,0.36022666600183584,None,,,,,2,001,2025-10-02_13h37.06.607,Motor Sequence Learning,,2025.1.1,None,2025-10-02 13h37.15.940823 +0530,
-150,z,79,3,19,z,1,0.30041162500856444,None,19,3,79,3,,,,,187.6315622080001,,187.6212529159966,187.6315622080001,188.6189029160014,188.6189029160014,188.6189029160014,188.6189029160014,188.62580650000018,189.61916249999194,189.61916249999194,189.92766408299212,z,1,0.30041162500856444,None,,,,,2,001,2025-10-02_13h37.06.607,Motor Sequence Learning,,2025.1.1,None,2025-10-02 13h37.15.940823 +0530,
-50,x,80,0,20,x,1,0.4105541659955634,None,20,0,80,0,,,,,189.93854741599353,,189.928239957997,189.93854741599353,190.92655645799823,190.92655645799823,190.92655645799823,190.92655645799823,190.93581249999988,191.92692629099474,191.92692629099474,192.3429619160015,x,1,0.4105541659955634,None,,,,,2,001,2025-10-02_13h37.06.607,Motor Sequence Learning,,2025.1.1,None,2025-10-02 13h37.15.940823 +0530,
150,v,81,1,20,v,1,0.3110563319933135,None,20,1,81,1,,,,,192.35459020799317,,192.34346304100472,192.35459020799317,193.34343495800567,193.34343495800567,193.34343495800567,193.34343495800567,193.35175179099315,194.34334049999597,194.34334049999597,194.65988716599531,v,1,0.3110563319933135,None,,,,,2,001,2025-10-02_13h37.06.607,Motor Sequence Learning,,2025.1.1,None,2025-10-02 13h37.15.940823 +0530,
50,c ,82,2,20,c,0,0.3187609570013592,None,20,2,82,2,,,,,194.67143950000172,,194.6604583330045,194.67143950000172,195.65558325000165,195.65558325000165,195.65558325000165,195.65558325000165,195.66807458299445,196.6595694580028,196.6595694580028,196.98762945800263,c,0,0.3187609570013592,None,,,,,2,001,2025-10-02_13h37.06.607,Motor Sequence Learning,,2025.1.1,None,2025-10-02 13h37.15.940823 +0530,
-150,z,83,3,20,z,1,0.3245144580141641,None,20,3,83,3,,,,,197.00030733300082,,196.98860224999953,197.00030733300082,197.98594795800454,197.98594795800454,197.98594795800454,197.98594795800454,197.99269820799236,198.98466108299908,198.98466108299908,199.32110479100083,z,1,0.3245144580141641,None,,,,,2,001,2025-10-02_13h37.06.607,Motor Sequence Learning,,2025.1.1,None,2025-10-02 13h37.15.940823 +0530,
-50,x,84,0,21,x,1,0.31802220799727365,None,21,0,84,0,,,,,199.33357324999815,,199.3218990000023,199.33357324999815,200.31832237499475,200.31832237499475,200.31832237499475,200.31832237499475,200.32399412499217,201.31912716600345,201.31912716600345,201.64362058299594,x,1,0.31802220799727365,None,,,,,2,001,2025-10-02_13h37.06.607,Motor Sequence Learning,,2025.1.1,None,2025-10-02 13h37.15.940823 +0530,
150,v,85,1,21,v,1,0.3344972910126671,None,21,1,85,1,,,,,201.65503708299366,,201.64411454099172,201.65503708299366,202.64250062499195,202.64250062499195,202.64250062499195,202.64250062499195,202.6524179160042,203.64264387499134,203.64264387499134,203.9875392910035,v,1,0.3344972910126671,None,,,,,2,001,2025-10-02_13h37.06.607,Motor Sequence Learning,,2025.1.1,None,2025-10-02 13h37.15.940823 +0530,
50,c ,86,2,21,c,0,0.2960837489954429,None,21,2,86,2,,,,,203.99993958299456,,203.9883613330021,203.99993958299456,204.98595962500258,204.98595962500258,204.98595962500258,204.98595962500258,204.9922906659922,205.98497283300094,205.98497283300094,206.2877289159951,c,0,0.2960837489954429,None,,,,,2,001,2025-10-02_13h37.06.607,Motor Sequence Learning,,2025.1.1,None,2025-10-02 13h37.15.940823 +0530,
-150,z,87,3,21,z,1,0.3430376239994075,None,21,3,87,3,,,,,206.29984320800577,,206.28849583299598,206.29984320800577,207.28585820799344,207.28585820799344,207.28585820799344,207.28585820799344,207.29147241599276,208.284932458002,208.284932458002,208.63749795799959,z,1,0.3430376239994075,None,,,,,2,001,2025-10-02_13h37.06.607,Motor Sequence Learning,,2025.1.1,None,2025-10-02 13h37.15.940823 +0530,
-50,x,88,0,22,x,1,0.44008237500383984,None,22,0,88,0,,,,,208.64977862499654,,208.6383543330012,208.64977862499654,209.63592891600274,209.63592891600274,209.63592891600274,209.63592891600274,209.6425622079987,210.63575195800513,210.63575195800513,211.08781366600306,x,1,0.44008237500383984,None,,,,,2,001,2025-10-02_13h37.06.607,Motor Sequence Learning,,2025.1.1,None,2025-10-02 13h37.15.940823 +0530,
150,v,89,1,22,v,1,0.3229080829914892,None,22,1,89,1,,,,,211.10031916599837,,211.08880804099317,211.10031916599837,212.0857248329994,212.0857248329994,212.0857248329994,212.0857248329994,212.0917997499928,213.0858071249968,213.0858071249968,213.4210249579919,v,1,0.3229080829914892,None,,,,,2,001,2025-10-02_13h37.06.607,Motor Sequence Learning,,2025.1.1,None,2025-10-02 13h37.15.940823 +0530,
50,c ,90,2,22,c,0,0.26271383301354945,None,22,2,90,2,,,,,213.43294854099804,,213.42169670799922,213.43294854099804,214.41911045799498,214.41911045799498,214.41911045799498,214.41911045799498,214.42535716599377,215.4190727499954,215.4190727499954,215.68732037500013,c,0,0.26271383301354945,None,,,,,2,001,2025-10-02_13h37.06.607,Motor Sequence Learning,,2025.1.1,None,2025-10-02 13h37.15.940823 +0530,
-150,z,91,3,22,z,1,0.38399212498916313,None,22,3,91,3,,,,,215.69951633299934,,215.68799512500118,215.69951633299934,216.6854367909982,216.6854367909982,216.6854367909982,216.6854367909982,216.69227770800353,217.68568537499232,217.68568537499232,218.07663275000232,z,1,0.38399212498916313,None,,,,,2,001,2025-10-02_13h37.06.607,Motor Sequence Learning,,2025.1.1,None,2025-10-02 13h37.15.940823 +0530,
-50,x,92,0,23,x,1,0.4685297909891233,None,23,0,92,0,,,,,218.0881703329942,,218.07711241599463,218.0881703329942,219.0761652910005,219.0761652910005,219.0761652910005,219.0761652910005,219.0857409159944,220.07610604100046,220.07610604100046,220.5537069580023,x,1,0.4685297909891233,None,,,,,2,001,2025-10-02_13h37.06.607,Motor Sequence Learning,,2025.1.1,None,2025-10-02 13h37.15.940823 +0530,
150,v,93,1,23,v,1,0.3082264989934629,None,23,1,93,1,,,,,220.56544725000276,,220.55426558299223,220.56544725000276,221.55242954099958,221.55242954099958,221.55242954099958,221.55242954099958,221.5580646659946,222.55236291600158,222.55236291600158,222.87073216600402,v,1,0.3082264989934629,None,,,,,2,001,2025-10-02_13h37.06.607,Motor Sequence Learning,,2025.1.1,None,2025-10-02 13h37.15.940823 +0530,
50,c ,94,2,23,c,0,0.35472887399373576,None,23,2,94,2,,,,,222.88262633299746,,222.87146599999687,222.88262633299746,223.86923287500395,223.86923287500395,223.86923287500395,223.86923287500395,223.87573874999362,224.86879408299865,224.86879408299865,225.22669091599528,c,0,0.35472887399373576,None,,,,,2,001,2025-10-02_13h37.06.607,Motor Sequence Learning,,2025.1.1,None,2025-10-02 13h37.15.940823 +0530,
-150,z,95,3,23,z,1,0.31647125000017695,None,23,3,95,3,,,,,225.23813504099962,,225.2271666250017,225.23813504099962,226.22593037500337,226.22593037500337,226.22593037500337,226.22593037500337,226.23561162500118,227.2259765409981,227.2259765409981,227.554035166002,z,1,0.31647125000017695,None,,,,,2,001,2025-10-02_13h37.06.607,Motor Sequence Learning,,2025.1.1,None,2025-10-02 13h37.15.940823 +0530,
-50,x,96,0,24,x,1,0.32288579099986237,None,24,0,96,0,,,,,227.5660113329941,,227.5545689999999,227.5660113329941,228.5523894999933,228.5523894999933,228.5523894999933,228.5523894999933,228.55933695800195,229.55240445799427,229.55240445799427,229.88598824999644,x,1,0.32288579099986237,None,,,,,2,001,2025-10-02_13h37.06.607,Motor Sequence Learning,,2025.1.1,None,2025-10-02 13h37.15.940823 +0530,
150,v,97,1,24,v,1,0.2974672910058871,None,24,1,97,1,,,,,229.89776570799586,,229.88655645800463,229.89776570799586,230.87581908299762,230.87581908299762,230.87581908299762,230.87581908299762,230.8917050829914,231.87588962499285,231.87588962499285,232.17609449999873,v,1,0.2974672910058871,None,,,,,2,001,2025-10-02_13h37.06.607,Motor Sequence Learning,,2025.1.1,None,2025-10-02 13h37.15.940823 +0530,
50,c ,98,2,24,c,0,0.2681695409992244,None,24,2,98,2,,,,,232.18784104099905,,232.1765710000036,232.18784104099905,233.17564645799575,233.17564645799575,233.17564645799575,233.17564645799575,233.18554479100567,234.16908862499986,234.16908862499986,234.44279800000368,c,0,0.2681695409992244,None,,,,,2,001,2025-10-02_13h37.06.607,Motor Sequence Learning,,2025.1.1,None,2025-10-02 13h37.15.940823 +0530,
-150,z,99,3,24,z,1,0.31563966600515414,None,24,3,99,3,,,,,234.4536581249995,,234.4432512909989,234.4536581249995,235.44145908299834,235.44145908299834,235.44145908299834,235.44145908299834,235.45249691599747,236.4425398750027,236.4425398750027,236.77072837499145,z,1,0.31563966600515414,None,,,,,2,001,2025-10-02_13h37.06.607,Motor Sequence Learning,,2025.1.1,None,2025-10-02 13h37.15.940823 +0530,
-50,x,0,0,0,x,1,0.32924741599708796,None,,,,,0,0,0,0,236.81772108300356,,236.8095761250006,236.81772108300356,237.76867662499717,237.76867662499717,237.76867662499717,237.76867662499717,237.80769645799592,238.76888708300248,238.76888708300248,239.10352874999808,,,,,x,1,0.32924741599708796,None,2,001,2025-10-02_13h37.06.607,Motor Sequence Learning,,2025.1.1,None,2025-10-02 13h37.15.940823 +0530,
-50,x,1,1,1,x,1,0.8336982490000082,None,,,,,1,1,1,0,239.1140122499928,,239.1041495410027,239.1140122499928,240.10232375000487,240.10232375000487,240.10232375000487,240.10232375000487,240.10839345799468,241.10221858299337,241.10221858299337,241.94286854099482,,,,,x,1,0.8336982490000082,None,2,001,2025-10-02_13h37.06.607,Motor Sequence Learning,,2025.1.1,None,2025-10-02 13h37.15.940823 +0530,
150,v,2,2,0,v,1,0.5232325830002083,None,,,,,0,2,2,1,241.9805672079965,,241.94346249999944,241.9805672079965,242.94262016599532,242.94262016599532,242.94262016599532,242.94262016599532,242.97508629100048,243.94271975000447,243.94271975000447,244.47081220800465,,,,,v,1,0.5232325830002083,None,2,001,2025-10-02_13h37.06.607,Motor Sequence Learning,,2025.1.1,None,2025-10-02 13h37.15.940823 +0530,
50,c ,3,3,0,c,0,0.4997796239913441,None,,,,,0,3,3,2,244.4827100830007,,244.47161604100256,244.4827100830007,245.4689939999953,245.4689939999953,245.4689939999953,245.4689939999953,245.4750567500014,246.46911237499444,246.46911237499444,246.97018537500117,,,,,c,0,0.4997796239913441,None,2,001,2025-10-02_13h37.06.607,Motor Sequence Learning,,2025.1.1,None,2025-10-02 13h37.15.940823 +0530,
-150,z,4,4,0,z,1,0.4247085410024738,None,,,,,0,4,4,3,246.98128762499255,,246.9707542499964,246.98128762499255,247.96927695799968,247.96927695799968,247.96927695799968,247.96927695799968,247.97502545799944,248.96898620799766,248.96898620799766,249.4036714160029,,,,,z,1,0.4247085410024738,None,2,001,2025-10-02_13h37.06.607,Motor Sequence Learning,,2025.1.1,None,2025-10-02 13h37.15.940823 +0530,
-50,x,5,5,2,x,1,0.4854046239925083,None,,,,,2,5,5,0,249.41566783300368,,249.40429424999456,249.41566783300368,250.40240779099986,250.40240779099986,250.40240779099986,250.40240779099986,250.40918687499652,251.40229516600084,251.40229516600084,251.89271816599648,,,,,x,1,0.4854046239925083,None,2,001,2025-10-02_13h37.06.607,Motor Sequence Learning,,2025.1.1,None,2025-10-02 13h37.15.940823 +0530,
50,c ,6,6,1,c,0,0.9342118330096127,None,,,,,1,6,6,2,251.9041974159918,,251.89322666599764,251.9041974159918,252.89315879100468,252.89315879100468,252.89315879100468,252.89315879100468,252.9023278329987,253.89237874999526,253.89237874999526,254.83690245800244,,,,,c,0,0.9342118330096127,None,2,001,2025-10-02_13h37.06.607,Motor Sequence Learning,,2025.1.1,None,2025-10-02 13h37.15.940823 +0530,
150,v,7,7,1,v,1,0.429070499012596,None,,,,,1,7,7,1,254.84857495799952,,254.83745879099297,254.84857495799952,255.83547179099696,255.83547179099696,255.83547179099696,255.83547179099696,255.84138354100287,256.83555666600296,256.83555666600296,257.27054037500056,,,,,v,1,0.429070499012596,None,2,001,2025-10-02_13h37.06.607,Motor Sequence Learning,,2025.1.1,None,2025-10-02 13h37.15.940823 +0530,
-150,z,8,8,1,z,1,0.5715414160076762,None,,,,,1,8,8,3,257.2827191660035,,257.27132504100155,257.2827191660035,258.2689186249918,258.2689186249918,258.2689186249918,258.2689186249918,258.2759344579972,259.26890974999696,259.26890974999696,259.8424561659922,,,,,z,1,0.5715414160076762,None,2,001,2025-10-02_13h37.06.607,Motor Sequence Learning,,2025.1.1,None,2025-10-02 13h37.15.940823 +0530,
50,c ,9,9,2,c,0,0.7637687909882516,None,,,,,2,9,9,2,259.8541434159997,,259.84295108300284,259.8541434159997,260.8430660000013,260.8430660000013,260.8430660000013,260.8430660000013,260.8521463329962,261.8356600410043,261.8356600410043,262.60347524999816,,,,,c,0,0.7637687909882516,None,2,001,2025-10-02_13h37.06.607,Motor Sequence Learning,,2025.1.1,None,2025-10-02 13h37.15.940823 +0530,
50,c ,10,10,3,c,0,0.7688423330109799,None,,,,,3,10,10,2,262.6160074159998,,262.6040614579979,262.6160074159998,263.6024140829977,263.6024140829977,263.6024140829977,263.6024140829977,263.60879558300076,264.6024727500044,264.6024727500044,265.3760072909936,,,,,c,0,0.7688423330109799,None,2,001,2025-10-02_13h37.06.607,Motor Sequence Learning,,2025.1.1,None,2025-10-02 13h37.15.940823 +0530,
50,c ,11,11,4,c,0,0.7482625410048058,None,,,,,4,11,11,2,265.38797395800066,,265.37651950000145,265.38797395800066,266.376548500004,266.376548500004,266.376548500004,266.376548500004,266.3845120409969,267.3689472499973,267.3689472499973,268.1206280000042,,,,,c,0,0.7482625410048058,None,2,001,2025-10-02_13h37.06.607,Motor Sequence Learning,,2025.1.1,None,2025-10-02 13h37.15.940823 +0530,
50,c ,12,12,5,c,0,0.4702216659934493,None,,,,,5,12,12,2,268.1330967910035,,268.12138704099925,268.1330967910035,269.118792416004,269.118792416004,269.118792416004,269.118792416004,269.1243021249975,270.11896125000203,270.11896125000203,270.5924713330023,,,,,c,0,0.4702216659934493,None,2,001,2025-10-02_13h37.06.607,Motor Sequence Learning,,2025.1.1,None,2025-10-02 13h37.15.940823 +0530,
-50,x,13,13,3,x,1,1.0326597910025157,None,,,,,3,13,13,0,270.6040275830019,,270.59296399999585,270.6040275830019,271.5925715409976,271.5925715409976,271.5925715409976,271.5925715409976,271.6021619999956,272.58546270799707,272.58546270799707,273.6205250409985,,,,,x,1,1.0326597910025157,None,2,001,2025-10-02_13h37.06.607,Motor Sequence Learning,,2025.1.1,None,2025-10-02 13h37.15.940823 +0530,
-150,z,14,14,2,z,1,0.5272397069929866,None,,,,,2,14,14,3,273.63263954099966,,273.6212461249961,273.63263954099966,274.6187745829957,274.6187745829957,274.6187745829957,274.6187745829957,274.6247561659984,275.6187461249938,275.6187461249938,276.1535927079967,,,,,z,1,0.5272397069929866,None,2,001,2025-10-02_13h37.06.607,Motor Sequence Learning,,2025.1.1,None,2025-10-02 13h37.15.940823 +0530,
50,c ,15,15,6,c,0,0.9478110409982037,None,,,,,6,15,15,2,276.16551304099266,,276.154184250001,276.16551304099266,277.1522825830034,277.1522825830034,277.1522825830034,277.1522825830034,277.159243874994,278.15216379100457,278.15216379100457,279.103866999998,,,,,c,0,0.9478110409982037,None,2,001,2025-10-02_13h37.06.607,Motor Sequence Learning,,2025.1.1,None,2025-10-02 13h37.15.940823 +0530,
-150,z,16,16,3,z,1,0.5697331660048803,None,,,,,3,16,16,3,279.11650249999366,,279.10469133299193,279.11650249999366,280.102280541003,280.102280541003,280.102280541003,280.102280541003,280.1090817910008,281.1021595409984,281.1021595409984,281.67575020799995,,,,,z,1,0.5697331660048803,None,2,001,2025-10-02_13h37.06.607,Motor Sequence Learning,,2025.1.1,None,2025-10-02 13h37.15.940823 +0530,
50,c ,17,17,7,c,0,0.6540330409916351,None,,,,,7,17,17,2,281.6873356659926,,281.67624174999946,281.6873356659926,282.6774332079949,282.6774332079949,282.6774332079949,282.6774332079949,282.68462537499727,283.66877245799697,283.66877245799697,284.3266838330019,,,,,c,0,0.6540330409916351,None,2,001,2025-10-02_13h37.06.607,Motor Sequence Learning,,2025.1.1,None,2025-10-02 13h37.15.940823 +0530,
150,v,18,18,2,v,1,0.6589078749966575,None,,,,,2,18,18,1,284.33857654100575,,284.32739770799526,284.33857654100575,285.32595504100027,285.32595504100027,285.32595504100027,285.32595504100027,285.33553408300213,286.32584200000565,286.32584200000565,286.98716320800304,,,,,v,1,0.6589078749966575,None,2,001,2025-10-02_13h37.06.607,Motor Sequence Learning,,2025.1.1,None,2025-10-02 13h37.15.940823 +0530,
150,v,19,19,3,v,1,0.38774833201023284,None,,,,,3,19,19,1,286.9994229159929,,286.987943250002,286.9994229159929,287.98549345799256,287.98549345799256,287.98549345799256,287.98549345799256,287.99223562500265,288.98495641599584,288.98495641599584,289.37629991599533,,,,,v,1,0.38774833201023284,None,2,001,2025-10-02_13h37.06.607,Motor Sequence Learning,,2025.1.1,None,2025-10-02 13h37.15.940823 +0530,
-50,x,20,20,4,x,1,0.7834284580021631,None,,,,,4,20,20,0,289.3874847910047,,289.3767952909984,289.3874847910047,290.37564425000164,290.37564425000164,290.37564425000164,290.37564425000164,290.3854982500052,291.3682324160036,291.3682324160036,292.15399608299776,,,,,x,1,0.7834284580021631,None,2,001,2025-10-02_13h37.06.607,Motor Sequence Learning,,2025.1.1,None,2025-10-02 13h37.15.940823 +0530,
-150,z,21,21,4,z,1,0.5551890000060666,None,,,,,4,21,21,3,292.1668054579932,,292.15486691599654,292.1668054579932,293.1520933749998,293.1520933749998,293.1520933749998,293.1520933749998,293.1581386659964,294.1522343749966,294.1522343749966,294.70949829100573,,,,,z,1,0.5551890000060666,None,2,001,2025-10-02_13h37.06.607,Motor Sequence Learning,,2025.1.1,None,2025-10-02 13h37.15.940823 +0530,
50,c ,22,22,8,c,0,0.6249560410069535,None,,,,,8,22,22,2,294.72069320800074,,294.71000437499606,294.72069320800074,295.7097081660031,295.7097081660031,295.7097081660031,295.7097081660031,295.71875879100116,296.7015569159994,296.7015569159994,297.3368324579933,,,,,c,0,0.6249560410069535,None,2,001,2025-10-02_13h37.06.607,Motor Sequence Learning,,2025.1.1,None,2025-10-02 13h37.15.940823 +0530,
-50,x,23,23,5,x,1,0.7007942079944769,None,,,,,5,23,23,0,297.3486114999978,,297.3373993749992,297.3486114999978,298.33559274999425,298.33559274999425,298.33559274999425,298.33559274999425,298.3416053330002,299.3354691249988,299.3354691249988,300.04322374999174,,,,,x,1,0.7007942079944769,None,2,001,2025-10-02_13h37.06.607,Motor Sequence Learning,,2025.1.1,None,2025-10-02 13h37.15.940823 +0530,
150,v,24,24,4,v,1,0.7040858740074327,None,,,,,4,24,24,1,300.0541670829989,,300.0437393750035,300.0541670829989,301.0414977909968,301.0414977909968,301.0414977909968,301.0414977909968,301.0521455410053,302.04217733300175,302.04217733300175,302.7538599160034,,,,,v,1,0.7040858740074327,None,2,001,2025-10-02_13h37.06.607,Motor Sequence Learning,,2025.1.1,None,2025-10-02 13h37.15.940823 +0530,
50,c ,25,25,9,c,0,0.6971555409982102,None,,,,,9,25,25,2,302.76629541600414,,302.7547569159942,302.76629541600414,303.75232508299814,303.75232508299814,303.75232508299814,303.75232508299814,303.7590407079988,304.7520115410007,304.7520115410007,305.45344787499926,,,,,c,0,0.6971555409982102,None,2,001,2025-10-02_13h37.06.607,Motor Sequence Learning,,2025.1.1,None,2025-10-02 13h37.15.940823 +0530,
-150,z,26,26,5,z,1,0.6000303320033709,None,,,,,5,26,26,3,305.465245415995,,305.45399579100194,305.465245415995,306.4427162499924,306.4427162499924,306.4427162499924,306.4427162499924,306.45861191599397,307.4511104580015,307.4511104580015,308.05377458299336,,,,,z,1,0.6000303320033709,None,2,001,2025-10-02_13h37.06.607,Motor Sequence Learning,,2025.1.1,None,2025-10-02 13h37.15.940823 +0530,
-150,z,27,27,6,z,1,0.5139533750043483,None,,,,,6,27,27,3,308.0662870829983,,308.0546315829997,308.0662870829983,309.05210491600155,309.05210491600155,309.05210491600155,309.05210491600155,309.05818287500006,310.0520447500021,310.0520447500021,310.5704954160028,,,,,z,1,0.5139533750043483,None,2,001,2025-10-02_13h37.06.607,Motor Sequence Learning,,2025.1.1,None,2025-10-02 13h37.15.940823 +0530,
150,v,28,28,5,v,1,0.6822008319868473,None,,,,,5,28,28,1,310.58335533300124,,310.5714534580038,310.58335533300124,311.5688809160056,311.5688809160056,311.5688809160056,311.5688809160056,311.5756312500016,312.56874616599816,312.56874616599816,313.2534857080027,,,,,v,1,0.6822008319868473,None,2,001,2025-10-02_13h37.06.607,Motor Sequence Learning,,2025.1.1,None,2025-10-02 13h37.15.940823 +0530,
-150,z,29,29,7,z,1,0.5288353749929229,None,,,,,7,29,29,3,313.2657398750016,,313.25415087500005,313.2657398750016,314.2521602909983,314.2521602909983,314.2521602909983,314.2521602909983,314.2585330409929,315.25212837499566,315.25212837499566,315.7872185000015,,,,,z,1,0.5288353749929229,None,2,001,2025-10-02_13h37.06.607,Motor Sequence Learning,,2025.1.1,None,2025-10-02 13h37.15.940823 +0530,
-150,z,30,30,8,z,1,0.5184017910069088,None,,,,,8,30,30,3,315.79934083299304,,315.787949000005,315.79934083299304,316.7853679999971,316.7853679999971,316.7853679999971,316.7853679999971,316.79148966599314,317.78543345800426,317.78543345800426,318.30905508299475,,,,,z,1,0.5184017910069088,None,2,001,2025-10-02_13h37.06.607,Motor Sequence Learning,,2025.1.1,None,2025-10-02 13h37.15.940823 +0530,
-50,x,31,31,6,x,1,0.6132628329942236,None,,,,,6,31,31,0,318.32074979100435,,318.30956549999246,318.32074979100435,319.30952620800235,319.30952620800235,319.30952620800235,319.30952620800235,319.317876000001,320.3087509159959,320.3087509159959,320.92659995799477,,,,,x,1,0.6132628329942236,None,2,001,2025-10-02_13h37.06.607,Motor Sequence Learning,,2025.1.1,None,2025-10-02 13h37.15.940823 +0530,
150,v,32,32,6,v,1,0.5896537490043556,None,,,,,6,32,32,1,320.9379177499941,,320.92710779099434,320.9379177499941,321.92576366600406,321.92576366600406,321.92576366600406,321.92576366600406,321.9354390829976,322.92592920799507,322.92592920799507,323.5201157910051,,,,,v,1,0.5896537490043556,None,2,001,2025-10-02_13h37.06.607,Motor Sequence Learning,,2025.1.1,None,2025-10-02 13h37.15.940823 +0530,
150,v,33,33,7,v,1,0.5228115829959279,None,,,,,7,33,33,1,323.5322786659963,,323.5206973329914,323.5322786659963,324.5189578749996,324.5189578749996,324.5189578749996,324.5189578749996,324.5253801660001,325.51875045799534,325.51875045799534,326.04327416600427,,,,,v,1,0.5228115829959279,None,2,001,2025-10-02_13h37.06.607,Motor Sequence Learning,,2025.1.1,None,2025-10-02 13h37.15.940823 +0530,
-150,z,34,34,9,z,1,0.6633100829931209,None,,,,,9,34,34,3,326.05441033300303,,326.0438555830042,326.05441033300303,327.04297795800085,327.04297795800085,327.04297795800085,327.04297795800085,327.05234462500084,328.0422247499955,328.0422247499955,328.7100705000048,,,,,z,1,0.6633100829931209,None,2,001,2025-10-02_13h37.06.607,Motor Sequence Learning,,2025.1.1,None,2025-10-02 13h37.15.940823 +0530,
50,c ,35,35,10,c,0,0.680103124002926,None,,,,,10,35,35,2,328.72160350000195,,328.71064620799734,328.72160350000195,329.7092723329988,329.7092723329988,329.7092723329988,329.7092723329988,329.71865075000096,330.7082746249944,330.7082746249944,331.3930950829963,,,,,c,0,0.680103124002926,None,2,001,2025-10-02_13h37.06.607,Motor Sequence Learning,,2025.1.1,None,2025-10-02 13h37.15.940823 +0530,
-50,x,36,36,7,x,1,1.0122275829926366,None,,,,,7,36,36,0,331.40443687500374,,331.39358495800116,331.40443687500374,332.39266616599343,332.39266616599343,332.39266616599343,332.39266616599343,332.40197995799826,333.39202554100484,333.39202554100484,334.40968141600024,,,,,x,1,1.0122275829926366,None,2,001,2025-10-02_13h37.06.607,Motor Sequence Learning,,2025.1.1,None,2025-10-02 13h37.15.940823 +0530,
150,v,37,37,8,v,1,0.5081021660007536,None,,,,,8,37,37,1,334.4211691660021,,334.4101945000002,334.4211691660021,335.417657375001,335.417657375001,335.417657375001,335.417657375001,335.417657375001,336.409192541003,336.409192541003,336.9200459160056,,,,,v,1,0.5081021660007536,None,2,001,2025-10-02_13h37.06.607,Motor Sequence Learning,,2025.1.1,None,2025-10-02 13h37.15.940823 +0530,
-50,x,38,38,8,x,1,0.6055809570098063,None,,,,,8,38,38,0,336.9321443749941,,336.92073741600325,336.9321443749941,337.91873854100413,337.91873854100413,337.91873854100413,337.91873854100413,337.92563095799414,338.91862041599234,338.91862041599234,339.525513332992,,,,,x,1,0.6055809570098063,None,2,001,2025-10-02_13h37.06.607,Motor Sequence Learning,,2025.1.1,None,2025-10-02 13h37.15.940823 +0530,
-50,x,39,39,9,x,1,0.44072979100747034,None,,,,,9,39,39,0,339.53715404099785,,339.5260026659962,339.53715404099785,340.5261652079935,340.5261652079935,340.5261652079935,340.5261652079935,340.5353433749988,341.5186132499948,341.5186132499948,341.9700995829917,,,,,x,1,0.44072979100747034,None,2,001,2025-10-02_13h37.06.607,Motor Sequence Learning,,2025.1.1,None,2025-10-02 13h37.15.940823 +0530,
150,v,40,40,9,v,1,2.194954000005964,None,,,,,9,40,40,1,341.98227570799645,,341.9708011250041,341.98227570799645,342.96859725000104,342.96859725000104,342.96859725000104,342.96859725000104,342.97460283299733,343.96814650000306,343.96814650000306,346.17001933300344,,,,,v,1,2.194954000005964,None,2,001,2025-10-02_13h37.06.607,Motor Sequence Learning,,2025.1.1,None,2025-10-02 13h37.15.940823 +0530,
50,c ,41,41,11,c,0,0.7520643750031013,None,,,,,11,41,41,2,346.1815912500024,,346.17057470799773,346.1815912500024,347.1685919159936,347.1685919159936,347.1685919159936,347.1685919159936,347.1741445410007,348.1688953749981,348.1688953749981,348.92556516599143,,,,,c,0,0.7520643750031013,None,2,001,2025-10-02_13h37.06.607,Motor Sequence Learning,,2025.1.1,None,2025-10-02 13h37.15.940823 +0530,
-150,z,42,42,10,z,1,0.5751314160006586,None,,,,,10,42,42,3,348.937648082996,,348.92610595800215,348.937648082996,349.92427970799326,349.92427970799326,349.92427970799326,349.92427970799326,349.93528312499984,350.9186981660023,350.9186981660023,351.50349762500264,,,,,z,1,0.5751314160006586,None,2,001,2025-10-02_13h37.06.607,Motor Sequence Learning,,2025.1.1,None,2025-10-02 13h37.15.940823 +0530,
-50,x,43,43,10,x,1,0.6356335409946041,None,,,,,10,43,43,0,351.5154455409938,,351.5040672500036,351.5154455409938,352.50199175000307,352.50199175000307,352.50199175000307,352.50199175000307,352.5087814159924,353.50217862499994,353.50217862499994,354.1428756660025,,,,,x,1,0.6356335409946041,None,2,001,2025-10-02_13h37.06.607,Motor Sequence Learning,,2025.1.1,None,2025-10-02 13h37.15.940823 +0530,
-50,x,44,44,11,x,1,0.49474258300324436,None,,,,,11,44,44,0,354.1543224999914,,354.14337979099946,354.1543224999914,355.142311040996,355.142311040996,355.142311040996,355.142311040996,355.15188895800384,356.1420276249992,356.1420276249992,356.6426838750049,,,,,x,1,0.49474258300324436,None,2,001,2025-10-02_13h37.06.607,Motor Sequence Learning,,2025.1.1,None,2025-10-02 13h37.15.940823 +0530,
-150,z,45,45,11,z,1,0.4829967910045525,None,,,,,11,45,45,3,356.65414458299347,,356.6432110829919,356.65414458299347,357.64105820799887,357.64105820799887,357.64105820799887,357.64105820799887,357.6519395829964,358.64252387499437,358.64252387499437,359.135410916002,,,,,z,1,0.4829967910045525,None,2,001,2025-10-02_13h37.06.607,Motor Sequence Learning,,2025.1.1,None,2025-10-02 13h37.15.940823 +0530,
-150,z,46,46,12,z,1,0.559595625003567,None,,,,,12,46,46,3,359.141695540995,,359.1357787500019,359.141695540995,360.1244791249919,360.1244791249919,360.1244791249919,360.1244791249919,360.1349330410012,361.12202754100144,361.12202754100144,361.6873833749996,,,,,z,1,0.559595625003567,None,2,001,2025-10-02_13h37.06.607,Motor Sequence Learning,,2025.1.1,None,2025-10-02 13h37.15.940823 +0530,
50,c ,47,47,12,c,0,0.7181260409997776,None,,,,,12,47,47,2,361.7004421659949,,361.68842883300385,361.7004421659949,362.6845549159916,362.6845549159916,362.6845549159916,362.6845549159916,362.6899978750007,363.6852472909959,363.6852472909959,364.40925629099365,,,,,c,0,0.7181260409997776,None,2,001,2025-10-02_13h37.06.607,Motor Sequence Learning,,2025.1.1,None,2025-10-02 13h37.15.940823 +0530,
-50,x,48,48,12,x,1,0.7335957489995053,None,,,,,12,48,48,0,364.4177035409957,,364.40970958299295,364.4177035409957,365.40197562500543,365.40197562500543,365.40197562500543,365.40197562500543,365.4079520410014,366.4098752909922,366.4098752909922,367.15347770799417,,,,,x,1,0.7335957489995053,None,2,001,2025-10-02_13h37.06.607,Motor Sequence Learning,,2025.1.1,None,2025-10-02 13h37.15.940823 +0530,
150,v,49,49,10,v,1,0.500303165987134,None,,,,,10,49,49,1,367.1651307909924,,367.15406545800215,367.1651307909924,368.15190804099257,368.15190804099257,368.15190804099257,368.15190804099257,368.15845591599646,369.1510239999916,369.1510239999916,369.65418758300075,,,,,v,1,0.500303165987134,None,2,001,2025-10-02_13h37.06.607,Motor Sequence Learning,,2025.1.1,None,2025-10-02 13h37.15.940823 +0530,
50,c ,50,50,13,c,0,0.7535531239991542,None,,,,,13,50,50,2,369.6679133330035,,369.6552687910007,369.6679133330035,370.65184979100013,370.65184979100013,370.65184979100013,370.65184979100013,370.6571993749967,371.65171445799933,371.65171445799933,372.40906620799797,,,,,c,0,0.7535531239991542,None,2,001,2025-10-02_13h37.06.607,Motor Sequence Learning,,2025.1.1,None,2025-10-02 13h37.15.940823 +0530,
-50,x,51,51,13,x,1,0.5745070409902837,None,,,,,13,51,51,0,372.42107266599487,,372.40957841600175,372.42107266599487,373.4084626249969,373.4084626249969,373.4084626249969,373.4084626249969,373.4184456660005,374.40872770799615,374.40872770799615,374.9866656249942,,,,,x,1,0.5745070409902837,None,2,001,2025-10-02_13h37.06.607,Motor Sequence Learning,,2025.1.1,None,2025-10-02 13h37.15.940823 +0530,
-150,z,52,52,13,z,1,0.46390295699529815,None,,,,,13,52,52,3,374.99875204099226,,374.9874174580036,374.99875204099226,375.9853012079984,375.9853012079984,375.9853012079984,375.9853012079984,375.99164354099776,376.98521529100253,376.98521529100253,377.4532493750012,,,,,z,1,0.46390295699529815,None,2,001,2025-10-02_13h37.06.607,Motor Sequence Learning,,2025.1.1,None,2025-10-02 13h37.15.940823 +0530,
50,c ,53,53,14,c,0,0.6692327490018215,None,,,,,14,53,53,2,377.4653903330036,,377.45398804100114,377.4653903330036,378.4516928749945,378.4516928749945,378.4516928749945,378.4516928749945,378.45881820800423,379.4518498749967,379.4518498749967,380.126169915995,,,,,c,0,0.6692327490018215,None,2,001,2025-10-02_13h37.06.607,Motor Sequence Learning,,2025.1.1,None,2025-10-02 13h37.15.940823 +0530,
-50,x,54,54,14,x,1,0.5822504160023527,None,,,,,14,54,54,0,380.1377345410001,,380.12667549999605,380.1377345410001,381.125734250003,381.125734250003,381.125734250003,381.125734250003,381.13510033300554,382.1256503750046,382.1256503750046,382.7201607909956,,,,,x,1,0.5822504160023527,None,2,001,2025-10-02_13h37.06.607,Motor Sequence Learning,,2025.1.1,None,2025-10-02 13h37.15.940823 +0530,
150,v,55,55,11,v,1,0.759271291011828,None,,,,,11,55,55,1,382.73249291599495,,382.7207690829964,382.73249291599495,383.7185459579923,383.7185459579923,383.7185459579923,383.7185459579923,383.72481079099816,384.7186293749983,384.7186293749983,385.4866233329958,,,,,v,1,0.759271291011828,None,2,001,2025-10-02_13h37.06.607,Motor Sequence Learning,,2025.1.1,None,2025-10-02 13h37.15.940823 +0530,
50,c ,56,56,15,c,0,0.702763123990735,None,,,,,15,56,56,2,385.4986427499971,,385.48718799999915,385.4986427499971,386.48524445800285,386.48524445800285,386.48524445800285,386.48524445800285,386.49172533299134,387.4850516250008,387.4850516250008,388.19272237499536,,,,,c,0,0.702763123990735,None,2,001,2025-10-02_13h37.06.607,Motor Sequence Learning,,2025.1.1,None,2025-10-02 13h37.15.940823 +0530,
50,c ,57,57,16,c,0,0.5614598329993896,None,,,,,16,57,57,2,388.2043372079934,,388.19321666599717,388.2043372079934,389.192149333001,389.192149333001,389.192149333001,389.192149333001,389.2017107080028,390.1922541249951,390.1922541249951,390.7598492499965,,,,,c,0,0.5614598329993896,None,2,001,2025-10-02_13h37.06.607,Motor Sequence Learning,,2025.1.1,None,2025-10-02 13h37.15.940823 +0530,
50,c ,58,58,17,c,0,0.5508045409951592,None,,,,,17,58,58,2,390.7711281660013,,390.7603760409984,390.7711281660013,391.75874604099954,391.75874604099954,391.75874604099954,391.75874604099954,391.7686956660036,392.75986191599804,392.75986191599804,393.3200376659952,,,,,c,0,0.5508045409951592,None,2,001,2025-10-02_13h37.06.607,Motor Sequence Learning,,2025.1.1,None,2025-10-02 13h37.15.940823 +0530,
-150,z,59,59,14,z,1,0.5201250000100117,None,,,,,14,59,59,3,393.3319994159974,,393.3206202080037,393.3319994159974,394.31855420800275,394.31855420800275,394.31855420800275,394.31855420800275,394.3248351660004,395.31847933300014,395.31847933300014,395.8425583329954,,,,,z,1,0.5201250000100117,None,2,001,2025-10-02_13h37.06.607,Motor Sequence Learning,,2025.1.1,None,2025-10-02 13h37.15.940823 +0530,
-150,z,60,60,15,z,1,0.4509890409972286,None,,,,,15,60,60,3,395.8545812079974,,395.8430699159944,395.8545812079974,396.84227712500433,396.84227712500433,396.84227712500433,396.84227712500433,396.8518197910016,397.84155933299917,397.84155933299917,398.30382983299205,,,,,z,1,0.4509890409972286,None,2,001,2025-10-02_13h37.06.607,Motor Sequence Learning,,2025.1.1,None,2025-10-02 13h37.15.940823 +0530,
50,c ,61,61,18,c,0,0.6564884999970673,None,,,,,18,61,61,2,398.3167463330028,,398.30472583300434,398.3167463330028,399.30184745800216,399.30184745800216,399.30184745800216,399.30184745800216,399.30763970800035,400.30188812500273,400.30188812500273,400.970001958005,,,,,c,0,0.6564884999970673,None,2,001,2025-10-02_13h37.06.607,Motor Sequence Learning,,2025.1.1,None,2025-10-02 13h37.15.940823 +0530,
50,c ,62,62,19,c,0,0.6307952910137828,None,,,,,19,62,62,2,400.9824589579948,,400.97059337499377,400.9824589579948,401.9685151659942,401.9685151659942,401.9685151659942,401.9685151659942,401.97508662499604,402.9686307499942,402.9686307499942,403.6035736659978,,,,,c,0,0.6307952910137828,None,2,001,2025-10-02_13h37.06.607,Motor Sequence Learning,,2025.1.1,None,2025-10-02 13h37.15.940823 +0530,
-150,z,63,63,16,z,1,0.47717845800798386,None,,,,,16,63,63,3,403.6162244159932,,403.604377458003,403.6162244159932,404.6019654999982,404.6019654999982,404.6019654999982,404.6019654999982,404.6086304999917,405.6021669579932,405.6021669579932,406.08657904100255,,,,,z,1,0.47717845800798386,None,2,001,2025-10-02_13h37.06.607,Motor Sequence Learning,,2025.1.1,None,2025-10-02 13h37.15.940823 +0530,
150,v,64,64,12,v,1,0.4992890410067048,None,,,,,12,64,64,1,406.09873062500264,,406.0871523329988,406.09873062500264,407.0850872500014,407.0850872500014,407.0850872500014,407.0850872500014,407.0913335410005,408.08492199999455,408.08492199999455,408.58641891600564,,,,,v,1,0.4992890410067048,None,2,001,2025-10-02_13h37.06.607,Motor Sequence Learning,,2025.1.1,None,2025-10-02 13h37.15.940823 +0530,
-50,x,65,65,15,x,1,0.5953194160101702,None,,,,,15,65,65,0,408.59875837499567,,408.5870292909967,408.59875837499567,409.58528549999755,409.58528549999755,409.58528549999755,409.58528549999755,409.5918065409933,410.58491070799937,410.58491070799937,411.1864717080025,,,,,x,1,0.5953194160101702,None,2,001,2025-10-02_13h37.06.607,Motor Sequence Learning,,2025.1.1,None,2025-10-02 13h37.15.940823 +0530,
50,c ,66,66,20,c,0,0.5718606239970541,None,,,,,20,66,66,2,411.1986115000036,,411.18707437500416,411.1986115000036,412.18506345800415,412.18506345800415,412.18506345800415,412.18506345800415,412.1911696659954,413.18516395799816,413.18516395799816,413.75963874999434,,,,,c,0,0.5718606239970541,None,2,001,2025-10-02_13h37.06.607,Motor Sequence Learning,,2025.1.1,None,2025-10-02 13h37.15.940823 +0530,
-150,z,67,67,17,z,1,0.5404144579952117,None,,,,,17,67,67,3,413.7706618749944,,413.76017241600493,413.7706618749944,414.75904404099856,414.75904404099856,414.75904404099856,414.75904404099856,414.7684676659992,415.7585925829917,415.7585925829917,416.3034249159973,,,,,z,1,0.5404144579952117,None,2,001,2025-10-02_13h37.06.607,Motor Sequence Learning,,2025.1.1,None,2025-10-02 13h37.15.940823 +0530,
150,v,68,68,13,v,1,0.5137447080051061,None,,,,,13,68,68,1,416.31441729099606,,416.30425545800244,416.31441729099606,417.30161374999443,417.30161374999443,417.30161374999443,417.30161374999443,417.3075171249948,418.30179829099507,418.30179829099507,418.81969687499804,,,,,v,1,0.5137447080051061,None,2,001,2025-10-02_13h37.06.607,Motor Sequence Learning,,2025.1.1,None,2025-10-02 13h37.15.940823 +0530,
150,v,69,69,14,v,1,0.4535204569983762,None,,,,,14,69,69,1,418.8308061659918,,418.8202782909939,418.8308061659918,419.8184099159989,419.8184099159989,419.8184099159989,419.8184099159989,419.8253842080012,420.81833475000167,420.81833475000167,421.27592112499406,,,,,v,1,0.4535204569983762,None,2,001,2025-10-02_13h37.06.607,Motor Sequence Learning,,2025.1.1,None,2025-10-02 13h37.15.940823 +0530,
-150,z,70,70,18,z,1,0.5107393319922267,None,,,,,18,70,70,3,421.28728958299325,,421.276453915998,421.28728958299325,422.27528899999743,422.27528899999743,422.27528899999743,422.27528899999743,422.2849212500005,423.27496541599976,423.27496541599976,423.79256620799424,,,,,z,1,0.5107393319922267,None,2,001,2025-10-02_13h37.06.607,Motor Sequence Learning,,2025.1.1,None,2025-10-02 13h37.15.940823 +0530,
-50,x,71,71,16,x,1,0.5307173329929356,None,,,,,16,71,71,0,423.80393979100336,,423.7930560829991,423.80393979100336,424.79250345799665,424.79250345799665,424.79250345799665,424.79250345799665,424.80165845800366,425.7919829159946,425.7919829159946,426.3261334160052,,,,,x,1,0.5307173329929356,None,2,001,2025-10-02_13h37.06.607,Motor Sequence Learning,,2025.1.1,None,2025-10-02 13h37.15.940823 +0530,
50,c ,72,72,21,c,0,0.8299307909910567,None,,,,,21,72,72,2,426.3374057500041,,426.3266467079957,426.3374057500041,427.32497983299254,427.32497983299254,427.32497983299254,427.32497983299254,427.33502437500283,428.3256998750003,428.3256998750003,429.1599598329922,,,,,c,0,0.8299307909910567,None,2,001,2025-10-02_13h37.06.607,Motor Sequence Learning,,2025.1.1,None,2025-10-02 13h37.15.940823 +0530,
50,c ,73,73,22,c,0,0.5999987489922205,None,,,,,22,73,73,2,429.1717062910029,,429.16078508300416,429.1717062910029,430.1585267079936,430.1585267079936,430.1585267079936,430.1585267079936,430.16830295800173,431.1585911250004,431.1585911250004,431.769798541005,,,,,c,0,0.5999987489922205,None,2,001,2025-10-02_13h37.06.607,Motor Sequence Learning,,2025.1.1,None,2025-10-02 13h37.15.940823 +0530,
150,v,74,74,15,v,1,0.5492079999967245,None,,,,,15,74,74,1,431.78189645799284,,431.77039575000526,431.78189645799284,432.7684536250017,432.7684536250017,432.7684536250017,432.7684536250017,432.7753940410039,433.76828833299805,433.76828833299805,434.32019266599673,,,,,v,1,0.5492079999967245,None,2,001,2025-10-02_13h37.06.607,Motor Sequence Learning,,2025.1.1,None,2025-10-02 13h37.15.940823 +0530,
-150,z,75,75,19,z,1,0.4022024989972124,None,,,,,19,75,75,3,434.33231604099274,,434.320988499996,434.33231604099274,435.3183084159973,435.3183084159973,435.3183084159973,435.3183084159973,435.32446158300445,436.3182308749965,436.3182308749965,436.7258121659979,,,,,z,1,0.4022024989972124,None,2,001,2025-10-02_13h37.06.607,Motor Sequence Learning,,2025.1.1,None,2025-10-02 13h37.15.940823 +0530,
150,v,76,76,16,v,1,0.5167915829952108,None,,,,,16,76,76,1,436.73747795799864,,436.72630287500215,436.73747795799864,437.72563366599206,437.72563366599206,437.72563366599206,437.72563366599206,437.7350439159927,438.71835637500044,438.71835637500044,439.2427110830031,,,,,v,1,0.5167915829952108,None,2,001,2025-10-02_13h37.06.607,Motor Sequence Learning,,2025.1.1,None,2025-10-02 13h37.15.940823 +0530,
150,v,77,77,17,v,1,0.4692881240043789,None,,,,,17,77,77,1,439.2541358330054,,439.24320545799856,439.2541358330054,440.24256174999755,440.24256174999755,440.24256174999755,440.24256174999755,440.25054141599685,441.24205995799275,441.24205995799275,441.71967608299747,,,,,v,1,0.4692881240043789,None,2,001,2025-10-02_13h37.06.607,Motor Sequence Learning,,2025.1.1,None,2025-10-02 13h37.15.940823 +0530,
-50,x,78,78,17,x,1,0.5888807909941534,None,,,,,17,78,78,0,441.73160225000174,,441.72024379100185,441.73160225000174,442.7185150409932,442.7185150409932,442.7185150409932,442.7185150409932,442.7250035409961,443.7183780409978,443.7183780409978,444.30950895800197,,,,,x,1,0.5888807909941534,None,2,001,2025-10-02_13h37.06.607,Motor Sequence Learning,,2025.1.1,None,2025-10-02 13h37.15.940823 +0530,
-150,z,79,79,20,z,1,0.5256552499922691,None,,,,,20,79,79,3,444.320748750004,,444.31001704100345,444.320748750004,445.3090784160013,445.3090784160013,445.3090784160013,445.3090784160013,445.3175298749993,446.3074069580034,446.3074069580034,446.836398540996,,,,,z,1,0.5256552499922691,None,2,001,2025-10-02_13h37.06.607,Motor Sequence Learning,,2025.1.1,None,2025-10-02 13h37.15.940823 +0530,
-50,x,80,80,18,x,1,0.7770970829878934,None,,,,,18,80,80,0,446.8490409160004,,446.8370081250032,446.8490409160004,447.8355381250003,447.8355381250003,447.8355381250003,447.8355381250003,447.84208879100333,448.83494954099297,448.83494954099297,449.6197456249938,,,,,x,1,0.7770970829878934,None,2,001,2025-10-02_13h37.06.607,Motor Sequence Learning,,2025.1.1,None,2025-10-02 13h37.15.940823 +0530,
-150,z,81,81,21,z,1,0.4866135000047507,None,,,,,21,81,81,3,449.63176741599455,,449.6202934579924,449.63176741599455,450.6183366250043,450.6183366250043,450.6183366250043,450.6183366250043,450.62500695799827,451.6182678329933,451.6182678329933,452.1199078329955,,,,,z,1,0.4866135000047507,None,2,001,2025-10-02_13h37.06.607,Motor Sequence Learning,,2025.1.1,None,2025-10-02 13h37.15.940823 +0530,
50,c ,82,82,23,c,0,0.6719915410067188,None,,,,,23,82,82,2,452.1303505410033,,452.12044566600525,452.1303505410033,453.1184323329944,453.1184323329944,453.1184323329944,453.1184323329944,453.12523183299345,454.1179138330044,454.1179138330044,454.79209937500127,,,,,c,0,0.6719915410067188,None,2,001,2025-10-02_13h37.06.607,Motor Sequence Learning,,2025.1.1,None,2025-10-02 13h37.15.940823 +0530,
-50,x,83,83,19,x,1,0.6338556240079924,None,,,,,19,83,83,0,454.8040089999995,,454.7925942080037,454.8040089999995,455.7919610829995,455.7919610829995,455.7919610829995,455.7919610829995,455.8016011659929,456.7958329999965,456.7958329999965,457.4367452909937,,,,,x,1,0.6338556240079924,None,2,001,2025-10-02_13h37.06.607,Motor Sequence Learning,,2025.1.1,None,2025-10-02 13h37.15.940823 +0530,
150,v,84,84,18,v,1,0.458525957990787,None,,,,,18,84,84,1,457.4487488330051,,457.4374423749978,457.4487488330051,458.43503383299685,458.43503383299685,458.43503383299685,458.43503383299685,458.4417642500048,459.4351870410028,459.4351870410028,459.9029717499943,,,,,v,1,0.458525957990787,None,2,001,2025-10-02_13h37.06.607,Motor Sequence Learning,,2025.1.1,None,2025-10-02 13h37.15.940823 +0530,
150,v,85,85,19,v,1,0.5570709989988245,None,,,,,19,85,85,1,459.9147796250036,,459.90356525000243,459.9147796250036,460.90107891599473,460.90107891599473,460.90107891599473,460.90107891599473,460.9068120830052,461.90162579099706,461.90162579099706,462.470085790992,,,,,v,1,0.5570709989988245,None,2,001,2025-10-02_13h37.06.607,Motor Sequence Learning,,2025.1.1,None,2025-10-02 13h37.15.940823 +0530,
-50,x,86,86,20,x,1,0.5440619160071947,None,,,,,20,86,86,0,462.48274583299644,,462.47089199999755,462.48274583299644,463.46841408299224,463.46841408299224,463.46841408299224,463.46841408299224,463.4755364159937,464.46844916600094,464.46844916600094,465.01989008300006,,,,,x,1,0.5440619160071947,None,2,001,2025-10-02_13h37.06.607,Motor Sequence Learning,,2025.1.1,None,2025-10-02 13h37.15.940823 +0530,
-50,x,87,87,21,x,1,0.48473549899063073,None,,,,,21,87,87,0,465.0325455410057,,465.02071183299995,465.0325455410057,466.0183104579919,466.0183104579919,466.0183104579919,466.0183104579919,466.02511095799855,467.01777170799323,467.01777170799323,467.5081579999969,,,,,x,1,0.48473549899063073,None,2,001,2025-10-02_13h37.06.607,Motor Sequence Learning,,2025.1.1,None,2025-10-02 13h37.15.940823 +0530,
-150,z,88,88,22,z,1,0.5104467909986852,None,,,,,22,88,88,3,467.51971466599207,,467.51041620799515,467.51971466599207,468.50891045799654,468.50891045799654,468.50891045799654,468.50891045799654,468.5182380000042,469.50900287499826,469.50900287499826,470.02563508300227,,,,,z,1,0.5104467909986852,None,2,001,2025-10-02_13h37.06.607,Motor Sequence Learning,,2025.1.1,None,2025-10-02 13h37.15.940823 +0530,
-150,z,89,89,23,z,1,0.5332242069998756,None,,,,,23,89,89,3,470.0371650409943,,470.0261652909976,470.0371650409943,471.0253410409932,471.0253410409932,471.0253410409932,471.0253410409932,471.03477608300454,472.02511979099654,472.02511979099654,472.5699325829919,,,,,z,1,0.5332242069998756,None,2,001,2025-10-02_13h37.06.607,Motor Sequence Learning,,2025.1.1,None,2025-10-02 13h37.15.940823 +0530,
50,c ,90,90,24,c,0,0.8949894160032272,None,,,,,24,90,90,2,472.5821145410009,,472.5707125409972,472.5821145410009,473.56819199999154,473.56819199999154,473.56819199999154,473.56819199999154,473.57516595799825,474.56827666600293,474.56827666600293,475.46965283299505,,,,,c,0,0.8949894160032272,None,2,001,2025-10-02_13h37.06.607,Motor Sequence Learning,,2025.1.1,None,2025-10-02 13h37.15.940823 +0530,
150,v,91,91,20,v,1,0.6421107909991406,None,,,,,20,91,91,1,475.4820533750026,,475.47022645799734,475.4820533750026,476.4681034999958,476.4681034999958,476.4681034999958,476.4681034999958,476.47372829099186,477.4681352079933,477.4681352079933,478.1200409580051,,,,,v,1,0.6421107909991406,None,2,001,2025-10-02_13h37.06.607,Motor Sequence Learning,,2025.1.1,None,2025-10-02 13h37.15.940823 +0530,
150,v,92,92,21,v,1,0.4578374580014497,None,,,,,21,92,92,1,478.13255966600263,,478.1208294160024,478.13255966600263,479.1182594580023,479.1182594580023,479.1182594580023,479.1182594580023,479.1250056659919,480.11818575000507,480.11818575000507,480.5865732910024,,,,,v,1,0.4578374580014497,None,2,001,2025-10-02_13h37.06.607,Motor Sequence Learning,,2025.1.1,None,2025-10-02 13h37.15.940823 +0530,
150,v,93,93,22,v,1,0.44451758300419897,None,,,,,22,93,93,1,480.5976123750006,,480.5871834159916,480.5976123750006,481.5849982910004,481.5849982910004,481.5849982910004,481.5849982910004,481.59079708300123,482.58459312499326,482.58459312499326,483.0365592080052,,,,,v,1,0.44451758300419897,None,2,001,2025-10-02_13h37.06.607,Motor Sequence Learning,,2025.1.1,None,2025-10-02 13h37.15.940823 +0530,
-50,x,94,94,22,x,1,0.7833200410095742,None,,,,,22,94,94,0,483.0483368749992,,483.03719016599644,483.0483368749992,484.0348312499991,484.0348312499991,484.0348312499991,484.0348312499991,484.0409765410004,485.0346612909925,485.0346612909925,485.81982866600447,,,,,x,1,0.7833200410095742,None,2,001,2025-10-02_13h37.06.607,Motor Sequence Learning,,2025.1.1,None,2025-10-02 13h37.15.940823 +0530,
-150,z,95,95,24,z,1,0.4465983749978477,None,,,,,24,95,95,3,485.83218912499433,,485.82060983299743,485.83218912499433,486.8181186659931,486.8181186659931,486.8181186659931,486.8181186659931,486.8248282909917,487.8182542499999,487.8182542499999,488.26993595800013,,,,,z,1,0.4465983749978477,None,2,001,2025-10-02_13h37.06.607,Motor Sequence Learning,,2025.1.1,None,2025-10-02 13h37.15.940823 +0530,
-50,x,96,96,23,x,1,0.5151623739948263,None,,,,,23,96,96,0,488.28336808299355,,488.27078845800133,488.28336808299355,489.267887790993,489.267887790993,489.267887790993,489.267887790993,489.2747057079978,490.2677062909934,490.2677062909934,490.7866353749996,,,,,x,1,0.5151623739948263,None,2,001,2025-10-02_13h37.06.607,Motor Sequence Learning,,2025.1.1,None,2025-10-02 13h37.15.940823 +0530,
150,v,97,97,23,v,1,0.5419212080014404,None,,,,,23,97,97,1,490.79882962499687,,490.78740770800505,490.79882962499687,491.78472445800435,491.78472445800435,491.78472445800435,491.78472445800435,491.7907750830054,492.7848555410019,492.7848555410019,493.3362218330003,,,,,v,1,0.5419212080014404,None,2,001,2025-10-02_13h37.06.607,Motor Sequence Learning,,2025.1.1,None,2025-10-02 13h37.15.940823 +0530,
-50,x,98,98,24,x,1,0.5578527069883421,None,,,,,24,98,98,0,493.34830983300344,,493.33682608300296,493.34830983300344,494.33455083299486,494.33455083299486,494.33455083299486,494.33455083299486,494.34119966599974,495.33479850000003,495.33479850000003,495.90295687499747,,,,,x,1,0.5578527069883421,None,2,001,2025-10-02_13h37.06.607,Motor Sequence Learning,,2025.1.1,None,2025-10-02 13h37.15.940823 +0530,
150,v,99,99,24,v,1,0.6315129160066135,None,,,,,24,99,99,1,495.91470649999974,,495.9035041659954,495.91470649999974,496.9015228749922,496.9015228749922,496.9015228749922,496.9015228749922,496.90784825000446,497.90109804099484,497.90109804099484,498.5359239160025,,,,,v,1,0.6315129160066135,None,2,001,2025-10-02_13h37.06.607,Motor Sequence Learning,,2025.1.1,None,2025-10-02 13h37.15.940823 +0530,
