thisN,thisTrialN,thisRepN,mouse.x,mouse.y,mouse.leftButton,mouse.midButton,mouse.rightButton,mouse.time,mouse.clicked_name,trials.thisRepN,trials.thisTrialN,trials.thisN,trials.thisIndex,thisRow.t,notes,num_distr,trial.started,fixation.started,target.started,mouse.started,trial.stopped,trials.mouse.x,trials.mouse.y,trials.mouse.leftButton,trials.mouse.midButton,trials.mouse.rightButton,trials.mouse.time,trials.mouse.clicked_name,participant,session,date,expName,expVersion,psychopyVersion,frameRate,expStart,
0,0,0,[np.float64(0.18555555555555556)],[np.float64(0.14555555555555555)],[1],[0],[0],[2.325456958002178],['target'],0,0,0,0,0.11670624998805579,,10,0.09755445799964946,0.11670624998805579,0.11670624998805579,0.09757104200252797,2.423128041991731,[np.float64(0.18555555555555556)],[np.float64(0.14555555555555555)],[1],[0],[0],[2.325456958002178],['target'],2,001,2025-09-30_16h28.55.345,Visual Search Experiment,,2025.1.1,None,2025-09-30 16h29.05.525764 +0530,
1,0,1,[np.float64(0.3477777777777778)],[np.float64(-0.25555555555555554)],[1],[0],[0],[2.9735802079958376],['target'],1,0,1,0,2.4895409579912666,,10,2.480545375001384,2.4895409579912666,2.4895409579912666,0.057044582994421944,5.454353207998793,[np.float64(0.3477777777777778)],[np.float64(-0.25555555555555554)],[1],[0],[0],[2.9735802079958376],['target'],2,001,2025-09-30_16h28.55.345,Visual Search Experiment,,2025.1.1,None,2025-09-30 16h29.05.525764 +0530,
2,0,2,[np.float64(-0.3088888888888889)],[np.float64(0.39666666666666667)],[1],[0],[0],[2.7608552089950535],['target'],2,0,2,0,5.528743041999405,,10,5.518795457988745,5.528743041999405,5.528743041999405,0.061073958000633866,8.27969199999643,[np.float64(-0.3088888888888889)],[np.float64(0.39666666666666667)],[1],[0],[0],[2.7608552089950535],['target'],2,001,2025-09-30_16h28.55.345,Visual Search Experiment,,2025.1.1,None,2025-09-30 16h29.05.525764 +0530,
3,0,3,[np.float64(0.3877777777777778)],[np.float64(0.3011111111111111)],[1],[0],[0],[2.3222369169961894],['target'],3,0,3,0,8.35245033299725,,10,8.342966083000647,8.35245033299725,8.35245033299725,0.06311037500563543,10.665272792000906,[np.float64(0.3877777777777778)],[np.float64(0.3011111111111111)],[1],[0],[0],[2.3222369169961894],['target'],2,001,2025-09-30_16h28.55.345,Visual Search Experiment,,2025.1.1,None,2025-09-30 16h29.05.525764 +0530,
4,0,4,[np.float64(-0.19666666666666666)],[np.float64(0.3655555555555556)],[1],[0],[0],[1.2969595409958856],[None],4,0,4,0,10.708639082993614,,5,10.700969957993948,10.708639082993614,10.708639082993614,0.03547033299400937,11.997999207989778,[np.float64(-0.19666666666666666)],[np.float64(0.3655555555555556)],[1],[0],[0],[1.2969595409958856],[None],2,001,2025-09-30_16h28.55.345,Visual Search Experiment,,2025.1.1,None,2025-09-30 16h29.05.525764 +0530,
5,0,5,[np.float64(-0.31555555555555553)],[np.float64(-0.19111111111111112)],[1],[0],[0],[1.6287184589891694],['target'],5,0,5,0,12.04219695799111,,5,12.034889999995357,12.04219695799111,12.04219695799111,0.036719416006235406,13.663678749988321,[np.float64(-0.31555555555555553)],[np.float64(-0.19111111111111112)],[1],[0],[0],[1.6287184589891694],['target'],2,001,2025-09-30_16h28.55.345,Visual Search Experiment,,2025.1.1,None,2025-09-30 16h29.05.525764 +0530,
6,0,6,[np.float64(-0.35777777777777775)],[np.float64(-0.39222222222222225)],[1],[0],[0],[1.9398211669904413],['target'],6,0,6,0,13.734567541992874,,10,13.72538999999233,13.734567541992874,13.734567541992874,0.061527875004685484,15.665269666991662,[np.float64(-0.35777777777777775)],[np.float64(-0.39222222222222225)],[1],[0],[0],[1.9398211669904413],['target'],2,001,2025-09-30_16h28.55.345,Visual Search Experiment,,2025.1.1,None,2025-09-30 16h29.05.525764 +0530,
7,0,7,[np.float64(0.45444444444444443)],[np.float64(-0.16666666666666666)],[1],[0],[0],[1.2351768340013223],[None],7,0,7,0,15.703540999995312,,5,15.697066624998115,15.703540999995312,15.703540999995312,0.031619750006939285,16.932315957994433,[np.float64(0.45444444444444443)],[np.float64(-0.16666666666666666)],[1],[0],[0],[1.2351768340013223],[None],2,001,2025-09-30_16h28.55.345,Visual Search Experiment,,2025.1.1,None,2025-09-30 16h29.05.525764 +0530,
8,0,8,[np.float64(-0.4255555555555556)],[np.float64(-0.13)],[1],[0],[0],[1.3613946669938741],['target'],8,0,8,0,16.976366499991855,,5,16.97006649999821,16.976366499991855,16.976366499991855,0.037573083012830466,18.331527957998333,[np.float64(-0.4255555555555556)],[np.float64(-0.13)],[1],[0],[0],[1.3613946669938741],['target'],2,001,2025-09-30_16h28.55.345,Visual Search Experiment,,2025.1.1,None,2025-09-30 16h29.05.525764 +0530,
9,0,9,[np.float64(0.23333333333333334)],[np.float64(0.47333333333333333)],[1],[0],[0],[1.4858301659987774],[None],9,0,9,0,18.375222082991968,,5,18.3676342079998,18.375222082991968,18.375222082991968,0.035935167004936375,19.85355920800066,[np.float64(0.23333333333333334)],[np.float64(0.47333333333333333)],[1],[0],[0],[1.4858301659987774],[None],2,001,2025-09-30_16h28.55.345,Visual Search Experiment,,2025.1.1,None,2025-09-30 16h29.05.525764 +0530,
10,0,10,[np.float64(0.22444444444444445)],[np.float64(-0.42333333333333334)],[1],[0],[0],[2.3627695000031963],['target'],10,0,10,0,19.89207845799683,,5,19.884183417001623,19.89207845799683,19.89207845799683,0.030490457997075282,22.247052207996603,[np.float64(0.22444444444444445)],[np.float64(-0.42333333333333334)],[1],[0],[0],[2.3627695000031963],['target'],2,001,2025-09-30_16h28.55.345,Visual Search Experiment,,2025.1.1,None,2025-09-30 16h29.05.525764 +0530,
11,0,11,[np.float64(0.4688888888888889)],[np.float64(0.32222222222222224)],[1],[0],[0],[1.8014034580119187],['target'],11,0,11,0,22.286827832998824,,5,22.280509707998135,22.286827832998824,22.286827832998824,0.03317199999582954,24.081980374990962,[np.float64(0.4688888888888889)],[np.float64(0.32222222222222224)],[1],[0],[0],[1.8014034580119187],['target'],2,001,2025-09-30_16h28.55.345,Visual Search Experiment,,2025.1.1,None,2025-09-30 16h29.05.525764 +0530,
12,0,12,[np.float64(0.16)],[np.float64(-0.3377777777777778)],[1],[0],[0],[1.365387957994244],['target'],12,0,12,0,24.125370875000954,,5,24.117892875001417,24.125370875000954,24.125370875000954,0.035733833006815985,25.483379207988037,[np.float64(0.16)],[np.float64(-0.3377777777777778)],[1],[0],[0],[1.365387957994244],['target'],2,001,2025-09-30_16h28.55.345,Visual Search Experiment,,2025.1.1,None,2025-09-30 16h29.05.525764 +0530,
13,0,13,[np.float64(-0.30666666666666664)],[np.float64(-0.42333333333333334)],[1],[0],[0],[1.4019081659935182],[None],13,0,13,0,25.55633374999161,,10,25.547021791993757,25.55633374999161,25.55633374999161,0.06341345800319687,26.94899862499733,[np.float64(-0.30666666666666664)],[np.float64(-0.42333333333333334)],[1],[0],[0],[1.4019081659935182],[None],2,001,2025-09-30_16h28.55.345,Visual Search Experiment,,2025.1.1,None,2025-09-30 16h29.05.525764 +0530,
14,0,14,[np.float64(-0.29777777777777775)],[np.float64(-0.19555555555555557)],[1],[0],[0],[1.1961309159960365],['target'],14,0,14,0,26.991964000000735,,5,26.98437391698826,26.991964000000735,26.991964000000735,0.03515129099832848,28.18059170799097,[np.float64(-0.29777777777777775)],[np.float64(-0.19555555555555557)],[1],[0],[0],[1.1961309159960365],['target'],2,001,2025-09-30_16h28.55.345,Visual Search Experiment,,2025.1.1,None,2025-09-30 16h29.05.525764 +0530,
15,0,15,[np.float64(-0.34555555555555556)],[np.float64(-0.06555555555555556)],[1],[0],[0],[0.9226515000045765],['target'],15,0,15,0,28.250970499997493,,10,28.242073457993683,28.250970499997493,28.250970499997493,0.06126154199591838,29.164779291997547,[np.float64(-0.34555555555555556)],[np.float64(-0.06555555555555556)],[1],[0],[0],[0.9226515000045765],['target'],2,001,2025-09-30_16h28.55.345,Visual Search Experiment,,2025.1.1,None,2025-09-30 16h29.05.525764 +0530,
16,0,16,[np.float64(-0.4088888888888889)],[np.float64(-0.3655555555555556)],[1],[0],[0],[1.8231510000041453],['target'],16,0,16,0,29.235085207998054,,10,29.225588707995485,29.235085207998054,29.235085207998054,0.0606434170040302,31.04879549999896,[np.float64(-0.4088888888888889)],[np.float64(-0.3655555555555556)],[1],[0],[0],[1.8231510000041453],['target'],2,001,2025-09-30_16h28.55.345,Visual Search Experiment,,2025.1.1,None,2025-09-30 16h29.05.525764 +0530,
17,0,17,[np.float64(0.006666666666666667)],[np.float64(-0.14888888888888888)],[1],[0],[0],[1.5349520830059191],[None],17,0,17,0,31.122780499994406,,10,31.113776291997056,31.122780499994406,31.122780499994406,0.0648107080050977,32.64879516699875,[np.float64(0.006666666666666667)],[np.float64(-0.14888888888888888)],[1],[0],[0],[1.5349520830059191],[None],2,001,2025-09-30_16h28.55.345,Visual Search Experiment,,2025.1.1,None,2025-09-30 16h29.05.525764 +0530,
18,0,18,[np.float64(-0.3477777777777778)],[np.float64(0.2311111111111111)],[1],[0],[0],[1.099817541995435],['target'],18,0,18,0,32.68664254200121,,5,32.68039658298949,32.68664254200121,32.68664254200121,0.031430416012881324,33.780298749989015,[np.float64(-0.3477777777777778)],[np.float64(0.2311111111111111)],[1],[0],[0],[1.099817541995435],['target'],2,001,2025-09-30_16h28.55.345,Visual Search Experiment,,2025.1.1,None,2025-09-30 16h29.05.525764 +0530,
19,0,19,[np.float64(0.12222222222222222)],[np.float64(-0.20666666666666667)],[1],[0],[0],[1.951671124988934],['target'],19,0,19,0,33.820039957994595,,5,33.81384170798992,33.820039957994595,33.820039957994595,0.033337374989059754,35.76558766698872,[np.float64(0.12222222222222222)],[np.float64(-0.20666666666666667)],[1],[0],[0],[1.951671124988934],['target'],2,001,2025-09-30_16h28.55.345,Visual Search Experiment,,2025.1.1,None,2025-09-30 16h29.05.525764 +0530,
20,0,20,[np.float64(-0.05555555555555555)],[np.float64(0.43666666666666665)],[1],[0],[0],[1.479385792001267],[None],20,0,20,0,35.809458332994836,,5,35.80312091700034,35.809458332994836,35.809458332994836,0.03734849998727441,37.282591082999716,[np.float64(-0.05555555555555555)],[np.float64(0.43666666666666665)],[1],[0],[0],[1.479385792001267],[None],2,001,2025-09-30_16h28.55.345,Visual Search Experiment,,2025.1.1,None,2025-09-30 16h29.05.525764 +0530,
21,0,21,[np.float64(-0.35777777777777775)],[np.float64(-0.13333333333333333)],[1],[0],[0],[1.0054439590021502],['target'],21,0,21,0,37.35166395799024,,10,37.34281708300114,37.35166395799024,37.35166395799024,0.060045958001865074,38.348318042000756,[np.float64(-0.35777777777777775)],[np.float64(-0.13333333333333333)],[1],[0],[0],[1.0054439590021502],['target'],2,001,2025-09-30_16h28.55.345,Visual Search Experiment,,2025.1.1,None,2025-09-30 16h29.05.525764 +0530,
22,0,22,[np.float64(-0.4166666666666667)],[np.float64(0.10333333333333333)],[1],[0],[0],[0.851592624996556],['target'],22,0,22,0,38.38644716699491,,5,38.37991583299299,38.38644716699491,38.38644716699491,0.03142766701057553,39.231584291992476,[np.float64(-0.4166666666666667)],[np.float64(0.10333333333333333)],[1],[0],[0],[0.851592624996556],['target'],2,001,2025-09-30_16h28.55.345,Visual Search Experiment,,2025.1.1,None,2025-09-30 16h29.05.525764 +0530,
23,0,23,[np.float64(0.3333333333333333)],[np.float64(0.06444444444444444)],[1],[0],[0],[1.2797080829914194],['target'],23,0,23,0,39.27583508299722,,5,39.26953133298957,39.27583508299722,39.27583508299722,0.037739458013675176,40.549315666998154,[np.float64(0.3333333333333333)],[np.float64(0.06444444444444444)],[1],[0],[0],[1.2797080829914194],['target'],2,001,2025-09-30_16h28.55.345,Visual Search Experiment,,2025.1.1,None,2025-09-30 16h29.05.525764 +0530,
24,0,24,[np.float64(-0.33555555555555555)],[np.float64(-0.3022222222222222)],[1],[0],[0],[1.7865438329899916],['target'],24,0,24,0,40.62122299999464,,10,40.61230695799168,40.62122299999464,40.62122299999464,0.06279637500119861,42.39891129199532,[np.float64(-0.33555555555555555)],[np.float64(-0.3022222222222222)],[1],[0],[0],[1.7865438329899916],['target'],2,001,2025-09-30_16h28.55.345,Visual Search Experiment,,2025.1.1,None,2025-09-30 16h29.05.525764 +0530,
25,0,25,[np.float64(-0.45111111111111113)],[np.float64(0.07666666666666666)],[1],[0],[0],[1.7870877500099596],['target'],25,0,25,0,42.470752957990044,,10,42.46179304199177,42.470752957990044,42.470752957990044,0.06269808299839497,44.248938999997335,[np.float64(-0.45111111111111113)],[np.float64(0.07666666666666666)],[1],[0],[0],[1.7870877500099596],['target'],2,001,2025-09-30_16h28.55.345,Visual Search Experiment,,2025.1.1,None,2025-09-30 16h29.05.525764 +0530,
26,0,26,[np.float64(0.41444444444444445)],[np.float64(0.14222222222222222)],[1],[0],[0],[1.7657076250034152],['target'],26,0,26,0,44.289962166993064,,5,44.28372833300091,44.289962166993064,44.289962166993064,0.03459687500435393,46.04951737499505,[np.float64(0.41444444444444445)],[np.float64(0.14222222222222222)],[1],[0],[0],[1.7657076250034152],['target'],2,001,2025-09-30_16h28.55.345,Visual Search Experiment,,2025.1.1,None,2025-09-30 16h29.05.525764 +0530,
27,0,27,[np.float64(-0.4822222222222222)],[np.float64(-0.3988888888888889)],[1],[0],[0],[2.069746084001963],['target'],27,0,27,0,46.12145966698881,,10,46.11228108299838,46.12145966698881,46.12145966698881,0.06257995800115168,48.18208374999813,[np.float64(-0.4822222222222222)],[np.float64(-0.3988888888888889)],[1],[0],[0],[2.069746084001963],['target'],2,001,2025-09-30_16h28.55.345,Visual Search Experiment,,2025.1.1,None,2025-09-30 16h29.05.525764 +0530,
28,0,28,[np.float64(-0.024444444444444446)],[np.float64(-0.10444444444444445)],[1],[0],[0],[1.8514262499957113],[None],28,0,28,0,48.22017387500091,,5,48.21389429199917,48.22017387500091,48.22017387500091,0.031635999999707565,50.06539220799459,[np.float64(-0.024444444444444446)],[np.float64(-0.10444444444444445)],[1],[0],[0],[1.8514262499957113],[None],2,001,2025-09-30_16h28.55.345,Visual Search Experiment,,2025.1.1,None,2025-09-30 16h29.05.525764 +0530,
29,0,29,[np.float64(0.043333333333333335)],[np.float64(0.29777777777777775)],[1],[0],[0],[1.5031753750081407],['target'],29,0,29,0,50.13778162500239,,10,50.128601832999266,50.13778162500239,50.13778162500239,0.06303429200488608,51.63184508300037,[np.float64(0.043333333333333335)],[np.float64(0.29777777777777775)],[1],[0],[0],[1.5031753750081407],['target'],2,001,2025-09-30_16h28.55.345,Visual Search Experiment,,2025.1.1,None,2025-09-30 16h29.05.525764 +0530,
30,0,30,[np.float64(-0.4922222222222222)],[np.float64(-0.35333333333333333)],[1],[0],[0],[1.1974255420063855],['target'],30,0,30,0,51.67352166699129,,5,51.667217333000735,51.67352166699129,51.67352166699129,0.03516374999890104,52.864716333002434,[np.float64(-0.4922222222222222)],[np.float64(-0.35333333333333333)],[1],[0],[0],[1.1974255420063855],['target'],2,001,2025-09-30_16h28.55.345,Visual Search Experiment,,2025.1.1,None,2025-09-30 16h29.05.525764 +0530,
31,0,31,[np.float64(0.29777777777777775)],[np.float64(0.38555555555555554)],[1],[0],[0],[2.5003726669965545],['target'],31,0,31,0,52.90369541700056,,5,52.89728062499489,52.90369541700056,52.90369541700056,0.03239062499778811,55.397726541996235,[np.float64(0.29777777777777775)],[np.float64(0.38555555555555554)],[1],[0],[0],[2.5003726669965545],['target'],2,001,2025-09-30_16h28.55.345,Visual Search Experiment,,2025.1.1,None,2025-09-30 16h29.05.525764 +0530,
32,0,32,[np.float64(-0.25555555555555554)],[np.float64(0.09888888888888889)],[1],[0],[0],[1.1478699159924872],['target'],32,0,32,0,55.4417116669938,,5,55.433776332996786,55.4417116669938,55.4417116669938,0.03587016699020751,56.58172254198871,[np.float64(-0.25555555555555554)],[np.float64(0.09888888888888889)],[1],[0],[0],[1.1478699159924872],['target'],2,001,2025-09-30_16h28.55.345,Visual Search Experiment,,2025.1.1,None,2025-09-30 16h29.05.525764 +0530,
33,0,33,[np.float64(-0.29333333333333333)],[np.float64(0.25666666666666665)],[1],[0],[0],[0.9114536660054],['target'],33,0,33,0,56.62644412499503,,5,56.61966779199429,56.62644412499503,56.62644412499503,0.037759458005893975,57.53120708299684,[np.float64(-0.29333333333333333)],[np.float64(0.25666666666666665)],[1],[0],[0],[0.9114536660054],['target'],2,001,2025-09-30_16h28.55.345,Visual Search Experiment,,2025.1.1,None,2025-09-30 16h29.05.525764 +0530,
34,0,34,[np.float64(0.26)],[np.float64(-0.2)],[1],[0],[0],[1.3582763330050511],['target'],34,0,34,0,57.58015837499988,,5,57.5733275829989,57.58015837499988,57.58015837499988,0.04194958400330506,58.93166904199461,[np.float64(0.26)],[np.float64(-0.2)],[1],[0],[0],[1.3582763330050511],['target'],2,001,2025-09-30_16h28.55.345,Visual Search Experiment,,2025.1.1,None,2025-09-30 16h29.05.525764 +0530,
35,0,35,[np.float64(0.008888888888888889)],[np.float64(0.39111111111111113)],[1],[0],[0],[1.3216053329961142],['target'],35,0,35,0,59.00170833300217,,10,58.99289662500087,59.00170833300217,59.00170833300217,0.06106104201171547,60.31455524999183,[np.float64(0.008888888888888889)],[np.float64(0.39111111111111113)],[1],[0],[0],[1.3216053329961142],['target'],2,001,2025-09-30_16h28.55.345,Visual Search Experiment,,2025.1.1,None,2025-09-30 16h29.05.525764 +0530,
36,0,36,[np.float64(-0.4388888888888889)],[np.float64(-0.4711111111111111)],[1],[0],[0],[1.7678708750027],['target'],36,0,36,0,60.35261299999547,,5,60.346104457988986,60.35261299999547,60.35261299999547,0.03138333400420379,62.114057749990025,[np.float64(-0.4388888888888889)],[np.float64(-0.4711111111111111)],[1],[0],[0],[1.7678708750027],['target'],2,001,2025-09-30_16h28.55.345,Visual Search Experiment,,2025.1.1,None,2025-09-30 16h29.05.525764 +0530,
37,0,37,[np.float64(0.1811111111111111)],[np.float64(0.2511111111111111)],[1],[0],[0],[1.6835029170033522],['target'],37,0,37,0,62.15358637498866,,5,62.14735104198917,62.15358637498866,62.15358637498866,0.03310866699030157,63.83096087499871,[np.float64(0.1811111111111111)],[np.float64(0.2511111111111111)],[1],[0],[0],[1.6835029170033522],['target'],2,001,2025-09-30_16h28.55.345,Visual Search Experiment,,2025.1.1,None,2025-09-30 16h29.05.525764 +0530,
38,0,38,[np.float64(0.3877777777777778)],[np.float64(-0.20333333333333334)],[1],[0],[0],[2.3212915420008358],['target'],38,0,38,0,63.90354687499348,,10,63.8946347500023,63.90354687499348,63.90354687499348,0.06343029199342709,66.21603612499894,[np.float64(0.3877777777777778)],[np.float64(-0.20333333333333334)],[1],[0],[0],[2.3212915420008358],['target'],2,001,2025-09-30_16h28.55.345,Visual Search Experiment,,2025.1.1,None,2025-09-30 16h29.05.525764 +0530,
39,0,39,[np.float64(-0.12111111111111111)],[np.float64(-0.02666666666666667)],[1],[0],[0],[1.3504262909991667],['target'],39,0,39,0,66.27124083299714,,5,66.26214824999624,66.27124083299714,66.27124083299714,0.045698457994149067,67.61259966700163,[np.float64(-0.12111111111111111)],[np.float64(-0.02666666666666667)],[1],[0],[0],[1.3504262909991667],['target'],2,001,2025-09-30_16h28.55.345,Visual Search Experiment,,2025.1.1,None,2025-09-30 16h29.05.525764 +0530,
40,0,40,[np.float64(-0.41888888888888887)],[np.float64(0.16444444444444445)],[1],[0],[0],[1.2212633749877568],['target'],40,0,40,0,67.65059033299622,,5,67.64334283299104,67.65059033299622,67.65059033299622,0.030636374998721294,68.864688207992,[np.float64(-0.41888888888888887)],[np.float64(0.16444444444444445)],[1],[0],[0],[1.2212633749877568],['target'],2,001,2025-09-30_16h28.55.345,Visual Search Experiment,,2025.1.1,None,2025-09-30 16h29.05.525764 +0530,
41,0,41,[np.float64(0.43555555555555553)],[np.float64(0.4288888888888889)],[1],[0],[0],[1.213022790994728],['target'],41,0,41,0,68.90886270799092,,5,68.90216112499184,68.90886270799092,68.90886270799092,0.037262416997691616,70.1152214169997,[np.float64(0.43555555555555553)],[np.float64(0.4288888888888889)],[1],[0],[0],[1.213022790994728],['target'],2,001,2025-09-30_16h28.55.345,Visual Search Experiment,,2025.1.1,None,2025-09-30 16h29.05.525764 +0530,
42,0,42,[np.float64(0.09444444444444444)],[np.float64(-0.28555555555555556)],[1],[0],[0],[1.8464260409964481],['target'],42,0,42,0,70.16012362499896,,5,70.15352704199904,70.16012362499896,70.16012362499896,0.03812675000517629,72.0000597499893,[np.float64(0.09444444444444444)],[np.float64(-0.28555555555555556)],[1],[0],[0],[1.8464260409964481],['target'],2,001,2025-09-30_16h28.55.345,Visual Search Experiment,,2025.1.1,None,2025-09-30 16h29.05.525764 +0530,
43,0,43,[np.float64(0.08777777777777777)],[np.float64(-0.38)],[1],[0],[0],[0.9526368749939138],['target'],43,0,43,0,72.07073183299508,,10,72.06186204199912,72.07073183299508,72.07073183299508,0.06157333300507162,73.01455520799209,[np.float64(0.08777777777777777)],[np.float64(-0.38)],[1],[0],[0],[0.9526368749939138],['target'],2,001,2025-09-30_16h28.55.345,Visual Search Experiment,,2025.1.1,None,2025-09-30 16h29.05.525764 +0530,
44,0,44,[np.float64(-0.29777777777777775)],[np.float64(0.4622222222222222)],[1],[0],[0],[1.2680718330084346],['target'],44,0,44,0,73.05264879199967,,5,73.04642491698905,73.05264879199967,73.05264879199967,0.031699041996034794,74.31456912499561,[np.float64(-0.29777777777777775)],[np.float64(0.4622222222222222)],[1],[0],[0],[1.2680718330084346],['target'],2,001,2025-09-30_16h28.55.345,Visual Search Experiment,,2025.1.1,None,2025-09-30 16h29.05.525764 +0530,
45,0,45,[np.float64(0.07333333333333333)],[np.float64(0.49444444444444446)],[1],[0],[0],[2.9040047919988865],['target'],45,0,45,0,74.3559297920001,,5,74.34952562498802,74.3559297920001,74.3559297920001,0.03476624999893829,77.25359974999446,[np.float64(0.07333333333333333)],[np.float64(0.49444444444444446)],[1],[0],[0],[2.9040047919988865],['target'],2,001,2025-09-30_16h28.55.345,Visual Search Experiment,,2025.1.1,None,2025-09-30 16h29.05.525764 +0530,
46,0,46,[np.float64(-0.46444444444444444)],[np.float64(0.19777777777777777)],[1],[0],[0],[1.2489882919908268],[None],46,0,46,0,77.29072991698922,,5,77.28432104199601,77.29072991698922,77.29072991698922,0.03058979100023862,78.53340949999983,[np.float64(-0.46444444444444444)],[np.float64(0.19777777777777777)],[1],[0],[0],[1.2489882919908268],[None],2,001,2025-09-30_16h28.55.345,Visual Search Experiment,,2025.1.1,None,2025-09-30 16h29.05.525764 +0530,
47,0,47,[np.float64(-0.4822222222222222)],[np.float64(-0.044444444444444446)],[1],[0],[0],[0.8382717079948634],['target'],47,0,47,0,78.60262525000144,,10,78.59337274999416,78.60262525000144,78.60262525000144,0.05973595898831263,79.4316976669943,[np.float64(-0.4822222222222222)],[np.float64(-0.044444444444444446)],[1],[0],[0],[0.8382717079948634],['target'],2,001,2025-09-30_16h28.55.345,Visual Search Experiment,,2025.1.1,None,2025-09-30 16h29.05.525764 +0530,
48,0,48,[np.float64(-0.4266666666666667)],[np.float64(0.08444444444444445)],[1],[0],[0],[0.8187978749920148],['target'],48,0,48,0,79.46832512499532,,5,79.4621399579919,79.46832512499532,79.46832512499532,0.030274707998614758,80.28100933298992,[np.float64(-0.4266666666666667)],[np.float64(0.08444444444444445)],[1],[0],[0],[0.8187978749920148],['target'],2,001,2025-09-30_16h28.55.345,Visual Search Experiment,,2025.1.1,None,2025-09-30 16h29.05.525764 +0530,
49,0,49,[np.float64(0.4444444444444444)],[np.float64(-0.12222222222222222)],[1],[0],[0],[1.2695254160062177],['target'],49,0,49,0,80.3191947919986,,5,80.31271737499628,80.3191947919986,80.3191947919986,0.03153941698838025,81.58231429199805,[np.float64(0.4444444444444444)],[np.float64(-0.12222222222222222)],[1],[0],[0],[1.2695254160062177],['target'],2,001,2025-09-30_16h28.55.345,Visual Search Experiment,,2025.1.1,None,2025-09-30 16h29.05.525764 +0530,
50,0,50,[np.float64(0.08777777777777777)],[np.float64(0.5)],[1],[0],[0],[2.6675845419958932],['target'],50,0,50,0,81.65040854200197,,10,81.64156770799309,81.65040854200197,81.65040854200197,0.059081083003547974,84.30920662499557,[np.float64(0.08777777777777777)],[np.float64(0.5)],[1],[0],[0],[2.6675845419958932],['target'],2,001,2025-09-30_16h28.55.345,Visual Search Experiment,,2025.1.1,None,2025-09-30 16h29.05.525764 +0530,
51,0,51,[np.float64(0.23222222222222222)],[np.float64(-0.28555555555555556)],[1],[0],[0],[1.1407446660014102],['target'],51,0,51,0,84.34464620798826,,5,84.33840016699105,84.34464620798826,84.34464620798826,0.029045458999462426,85.47922224999638,[np.float64(0.23222222222222222)],[np.float64(-0.28555555555555556)],[1],[0],[0],[1.1407446660014102],['target'],2,001,2025-09-30_16h28.55.345,Visual Search Experiment,,2025.1.1,None,2025-09-30 16h29.05.525764 +0530,
52,0,52,[np.float64(-0.42444444444444446)],[np.float64(0.39)],[1],[0],[0],[1.1940616249921732],[None],52,0,52,0,85.54669358298997,,10,85.53743066699826,85.54669358298997,85.54669358298997,0.05803475000720937,86.73154591699131,[np.float64(-0.42444444444444446)],[np.float64(0.39)],[1],[0],[0],[1.1940616249921732],[None],2,001,2025-09-30_16h28.55.345,Visual Search Experiment,,2025.1.1,None,2025-09-30 16h29.05.525764 +0530,
53,0,53,[np.float64(0.28555555555555556)],[np.float64(-0.31666666666666665)],[1],[0],[0],[1.2852535840065684],[None],53,0,53,0,86.76872233299946,,5,86.76225237498875,86.76872233299946,86.76872233299946,0.030544207998900674,88.0475739579997,[np.float64(0.28555555555555556)],[np.float64(-0.31666666666666665)],[1],[0],[0],[1.2852535840065684],[None],2,001,2025-09-30_16h28.55.345,Visual Search Experiment,,2025.1.1,None,2025-09-30 16h29.05.525764 +0530,
54,0,54,[np.float64(0.17222222222222222)],[np.float64(0.41333333333333333)],[1],[0],[0],[1.16584645799594],['target'],54,0,54,0,88.08948687498923,,5,88.08301716699498,88.08948687498923,88.08948687498923,0.035261708006146364,89.24895395799831,[np.float64(0.17222222222222222)],[np.float64(0.41333333333333333)],[1],[0],[0],[1.16584645799594],['target'],2,001,2025-09-30_16h28.55.345,Visual Search Experiment,,2025.1.1,None,2025-09-30 16h29.05.525764 +0530,
55,0,55,[np.float64(0.2511111111111111)],[np.float64(0.27111111111111114)],[1],[0],[0],[1.8249746249930467],[None],55,0,55,0,89.31659074999334,,10,89.3074578329979,89.31659074999334,89.31659074999334,0.05831837499863468,91.13251437500003,[np.float64(0.2511111111111111)],[np.float64(0.27111111111111114)],[1],[0],[0],[1.8249746249930467],[None],2,001,2025-09-30_16h28.55.345,Visual Search Experiment,,2025.1.1,None,2025-09-30 16h29.05.525764 +0530,
56,0,56,[np.float64(-0.16333333333333333)],[np.float64(-0.43333333333333335)],[1],[0],[0],[1.9909122919925721],['target'],56,0,56,0,91.1989949169947,,10,91.1901595829986,91.1989949169947,91.1989949169947,0.057365291999303736,93.18113212499884,[np.float64(-0.16333333333333333)],[np.float64(-0.43333333333333335)],[1],[0],[0],[1.9909122919925721],['target'],2,001,2025-09-30_16h28.55.345,Visual Search Experiment,,2025.1.1,None,2025-09-30 16h29.05.525764 +0530,
57,0,57,[np.float64(0.19333333333333333)],[np.float64(0.09444444444444444)],[1],[0],[0],[3.0440404169930844],['target'],57,0,57,0,93.24604508299672,,10,93.23719945798803,93.24604508299672,93.24604508299672,0.05589245799637865,96.28129512499436,[np.float64(0.19333333333333333)],[np.float64(0.09444444444444444)],[1],[0],[0],[3.0440404169930844],['target'],2,001,2025-09-30_16h28.55.345,Visual Search Experiment,,2025.1.1,None,2025-09-30 16h29.05.525764 +0530,
58,0,58,[np.float64(0.18333333333333332)],[np.float64(-0.42)],[1],[0],[0],[2.5453212919965154],['target'],58,0,58,0,96.34568729199236,,10,96.33637266699225,96.34568729199236,96.34568729199236,0.05490737500076648,98.88175262499135,[np.float64(0.18333333333333332)],[np.float64(-0.42)],[1],[0],[0],[2.5453212919965154],['target'],2,001,2025-09-30_16h28.55.345,Visual Search Experiment,,2025.1.1,None,2025-09-30 16h29.05.525764 +0530,
59,0,59,[np.float64(-0.3655555555555556)],[np.float64(-0.3422222222222222)],[1],[0],[0],[1.1469619999988936],[None],59,0,59,0,98.92174308298854,,5,98.91522129200166,98.92174308298854,98.92174308298854,0.0332711249939166,100.06223237499944,[np.float64(-0.3655555555555556)],[np.float64(-0.3422222222222222)],[1],[0],[0],[1.1469619999988936],[None],2,001,2025-09-30_16h28.55.345,Visual Search Experiment,,2025.1.1,None,2025-09-30 16h29.05.525764 +0530,
60,0,60,[np.float64(-0.32555555555555554)],[np.float64(-0.3422222222222222)],[1],[0],[0],[0.2122816250048345],[None],60,0,60,0,100.12630104199343,,10,100.11688175000018,100.12630104199343,100.12630104199343,0.05454237500089221,100.32922400000098,[np.float64(-0.32555555555555554)],[np.float64(-0.3422222222222222)],[1],[0],[0],[0.2122816250048345],[None],2,001,2025-09-30_16h28.55.345,Visual Search Experiment,,2025.1.1,None,2025-09-30 16h29.05.525764 +0530,
61,0,61,[np.float64(0.4)],[np.float64(-0.22555555555555556)],[1],[0],[0],[2.615916750000906],['target'],61,0,61,0,100.39244604199484,,10,100.38315149999107,100.39244604199484,100.39244604199484,0.05377595800382551,102.99913874999038,[np.float64(0.4)],[np.float64(-0.22555555555555556)],[1],[0],[0],[2.615916750000906],['target'],2,001,2025-09-30_16h28.55.345,Visual Search Experiment,,2025.1.1,None,2025-09-30 16h29.05.525764 +0530,
62,0,62,[np.float64(0.1388888888888889)],[np.float64(-0.3233333333333333)],[1],[0],[0],[1.4846693750005215],['target'],62,0,62,0,103.03829620798933,,5,103.03206179199333,103.03829620798933,103.03829620798933,0.03271141699224245,104.51681579199794,[np.float64(0.1388888888888889)],[np.float64(-0.3233333333333333)],[1],[0],[0],[1.4846693750005215],['target'],2,001,2025-09-30_16h28.55.345,Visual Search Experiment,,2025.1.1,None,2025-09-30 16h29.05.525764 +0530,
63,0,63,[np.float64(-0.4266666666666667)],[np.float64(0.31666666666666665)],[1],[0],[0],[0.9618726249900647],[None],63,0,63,0,104.55745924999064,,5,104.55118341698835,104.55745924999064,104.55745924999064,0.0341867090028245,105.51312308300112,[np.float64(-0.4266666666666667)],[np.float64(0.31666666666666665)],[1],[0],[0],[0.9618726249900647],[None],2,001,2025-09-30_16h28.55.345,Visual Search Experiment,,2025.1.1,None,2025-09-30 16h29.05.525764 +0530,
64,0,64,[np.float64(-0.24333333333333335)],[np.float64(0.3844444444444444)],[1],[0],[0],[0.865002208010992],['target'],64,0,64,0,105.76154204198974,,10,105.75043058299343,105.76154204198974,105.76154204198974,0.23714500000642147,106.61549450000166,[np.float64(-0.24333333333333335)],[np.float64(0.3844444444444444)],[1],[0],[0],[0.865002208010992],['target'],2,001,2025-09-30_16h28.55.345,Visual Search Experiment,,2025.1.1,None,2025-09-30 16h29.05.525764 +0530,
65,0,65,[np.float64(0.4533333333333333)],[np.float64(-0.39666666666666667)],[1],[0],[0],[1.4127938330057077],['target'],65,0,65,0,106.65864737499214,,5,106.65168224999798,106.65864737499214,106.65864737499214,0.03594850000808947,108.06455262500094,[np.float64(0.4533333333333333)],[np.float64(-0.39666666666666667)],[1],[0],[0],[1.4127938330057077],['target'],2,001,2025-09-30_16h28.55.345,Visual Search Experiment,,2025.1.1,None,2025-09-30 16h29.05.525764 +0530,
66,0,66,[np.float64(0.19777777777777777)],[np.float64(-0.22333333333333333)],[1],[0],[0],[1.5555797919951146],['target'],66,0,66,0,108.11679287499283,,5,108.10922437498812,108.11679287499283,108.11679287499283,0.044498125003883615,109.66486562498903,[np.float64(0.19777777777777777)],[np.float64(-0.22333333333333333)],[1],[0],[0],[1.5555797919951146],['target'],2,001,2025-09-30_16h28.55.345,Visual Search Experiment,,2025.1.1,None,2025-09-30 16h29.05.525764 +0530,
67,0,67,[np.float64(-0.06444444444444444)],[np.float64(0.0811111111111111)],[1],[0],[0],[1.4846240000042599],['target'],67,0,67,0,109.73941824999929,,10,109.73015070799738,109.73941824999929,109.73941824999929,0.06510516699927393,111.2148314579972,[np.float64(-0.06444444444444444)],[np.float64(0.0811111111111111)],[1],[0],[0],[1.4846240000042599],['target'],2,001,2025-09-30_16h28.55.345,Visual Search Experiment,,2025.1.1,None,2025-09-30 16h29.05.525764 +0530,
68,0,68,[np.float64(-0.09333333333333334)],[np.float64(-0.3522222222222222)],[1],[0],[0],[1.1963791659945855],['target'],68,0,68,0,111.25885679198836,,5,111.25171079199936,111.25885679198836,111.25885679198836,0.03670479099673685,112.44816079200245,[np.float64(-0.09333333333333334)],[np.float64(-0.3522222222222222)],[1],[0],[0],[1.1963791659945855],['target'],2,001,2025-09-30_16h28.55.345,Visual Search Experiment,,2025.1.1,None,2025-09-30 16h29.05.525764 +0530,
69,0,69,[np.float64(-0.18)],[np.float64(-0.2633333333333333)],[1],[0],[0],[0.945131250002305],[None],69,0,69,0,112.49141925000004,,5,112.48378349999257,112.49141925000004,112.49141925000004,0.03544395799690392,113.42900108300091,[np.float64(-0.18)],[np.float64(-0.2633333333333333)],[1],[0],[0],[0.945131250002305],[None],2,001,2025-09-30_16h28.55.345,Visual Search Experiment,,2025.1.1,None,2025-09-30 16h29.05.525764 +0530,
70,0,70,[np.float64(0.15222222222222223)],[np.float64(-0.21222222222222223)],[1],[0],[0],[2.1259002089936985],['target'],70,0,70,0,113.49837862499407,,10,113.48952745799033,113.49837862499407,113.49837862499407,0.06033949999255128,115.61549920799735,[np.float64(0.15222222222222223)],[np.float64(-0.21222222222222223)],[1],[0],[0],[2.1259002089936985],['target'],2,001,2025-09-30_16h28.55.345,Visual Search Experiment,,2025.1.1,None,2025-09-30 16h29.05.525764 +0530,
71,0,71,[np.float64(-0.3055555555555556)],[np.float64(-0.12)],[1],[0],[0],[2.475106042009429],[None],71,0,71,0,115.68297899999015,,10,115.6741085829999,115.68297899999015,115.68297899999015,0.058399707995704375,118.1493033329898,[np.float64(-0.3055555555555556)],[np.float64(-0.12)],[1],[0],[0],[2.475106042009429],[None],2,001,2025-09-30_16h28.55.345,Visual Search Experiment,,2025.1.1,None,2025-09-30 16h29.05.525764 +0530,
72,0,72,[np.float64(0.07333333333333333)],[np.float64(-0.4122222222222222)],[1],[0],[0],[1.0651831249997485],['target'],72,0,72,0,118.18897258299694,,5,118.18265891699411,118.18897258299694,118.18897258299694,0.0330538330017589,119.24791287499829,[np.float64(0.07333333333333333)],[np.float64(-0.4122222222222222)],[1],[0],[0],[1.0651831249997485],['target'],2,001,2025-09-30_16h28.55.345,Visual Search Experiment,,2025.1.1,None,2025-09-30 16h29.05.525764 +0530,
73,0,73,[np.float64(0.02666666666666667)],[np.float64(-0.11444444444444445)],[1],[0],[0],[0.9401540000108071],['target'],73,0,73,0,119.31732987498981,,10,119.30818162499054,119.31732987498981,119.31732987498981,0.060094208994996734,120.24840212499839,[np.float64(0.02666666666666667)],[np.float64(-0.11444444444444445)],[1],[0],[0],[0.9401540000108071],['target'],2,001,2025-09-30_16h28.55.345,Visual Search Experiment,,2025.1.1,None,2025-09-30 16h29.05.525764 +0530,
74,0,74,[np.float64(0.15)],[np.float64(0.0811111111111111)],[1],[0],[0],[1.1252361250080867],['target'],74,0,74,0,120.31550129198877,,10,120.30676283298817,120.31550129198877,120.31550129198877,0.05815620800422039,121.43207054199593,[np.float64(0.15)],[np.float64(0.0811111111111111)],[1],[0],[0],[1.1252361250080867],['target'],2,001,2025-09-30_16h28.55.345,Visual Search Experiment,,2025.1.1,None,2025-09-30 16h29.05.525764 +0530,
75,0,75,[np.float64(-0.07)],[np.float64(-0.35777777777777775)],[1],[0],[0],[2.0250274160061963],['target'],75,0,75,0,121.49854395799048,,10,121.48968270799378,121.49854395799048,121.49854395799048,0.05739549999998417,123.5147613750014,[np.float64(-0.07)],[np.float64(-0.35777777777777775)],[1],[0],[0],[2.0250274160061963],['target'],2,001,2025-09-30_16h28.55.345,Visual Search Experiment,,2025.1.1,None,2025-09-30 16h29.05.525764 +0530,
76,0,76,[np.float64(-0.41333333333333333)],[np.float64(-0.10555555555555556)],[1],[0],[0],[1.2984287090075668],['target'],76,0,76,0,123.55473587499,,5,123.54831304198888,123.55473587499,123.55473587499,0.03338216699194163,124.84682158299256,[np.float64(-0.41333333333333333)],[np.float64(-0.10555555555555556)],[1],[0],[0],[1.2984287090075668],['target'],2,001,2025-09-30_16h28.55.345,Visual Search Experiment,,2025.1.1,None,2025-09-30 16h29.05.525764 +0530,
77,0,77,[np.float64(0.16)],[np.float64(-0.33666666666666667)],[1],[0],[0],[1.9123861670086626],['target'],77,0,77,0,124.93052987499686,,10,124.91894508300174,124.93052987499686,124.93052987499686,0.07199466699967161,126.83137274999171,[np.float64(0.16)],[np.float64(-0.33666666666666667)],[1],[0],[0],[1.9123861670086626],['target'],2,001,2025-09-30_16h28.55.345,Visual Search Experiment,,2025.1.1,None,2025-09-30 16h29.05.525764 +0530,
78,0,78,[np.float64(0.33666666666666667)],[np.float64(-0.39444444444444443)],[1],[0],[0],[2.172148040990578],[None],78,0,78,0,126.8999841670011,,10,126.89108558298904,126.8999841670011,126.8999841670011,0.05954191599448677,129.0632842920022,[np.float64(0.33666666666666667)],[np.float64(-0.39444444444444443)],[1],[0],[0],[2.172148040990578],[None],2,001,2025-09-30_16h28.55.345,Visual Search Experiment,,2025.1.1,None,2025-09-30 16h29.05.525764 +0530,
79,0,79,[np.float64(0.05)],[np.float64(0.21333333333333335)],[1],[0],[0],[1.2886732920014765],['target'],79,0,79,0,129.13443749998987,,10,129.12467766700138,129.13443749998987,129.13443749998987,0.06126583299192134,130.41339549999975,[np.float64(0.05)],[np.float64(0.21333333333333335)],[1],[0],[0],[1.2886732920014765],['target'],2,001,2025-09-30_16h28.55.345,Visual Search Experiment,,2025.1.1,None,2025-09-30 16h29.05.525764 +0530,
80,0,80,[np.float64(0.4122222222222222)],[np.float64(0.23555555555555555)],[1],[0],[0],[1.5038270840013865],['target'],80,0,80,0,130.45161137499963,,5,130.44489329199132,130.45161137499963,130.45161137499963,0.031370917000458576,131.94881987498957,[np.float64(0.4122222222222222)],[np.float64(0.23555555555555555)],[1],[0],[0],[1.5038270840013865],['target'],2,001,2025-09-30_16h28.55.345,Visual Search Experiment,,2025.1.1,None,2025-09-30 16h29.05.525764 +0530,
81,0,81,[np.float64(0.18222222222222223)],[np.float64(-0.07111111111111111)],[1],[0],[0],[1.591779750000569],['target'],81,0,81,0,132.01584954198916,,10,132.00698591698892,132.01584954198916,132.01584954198916,0.05799116699199658,133.59883274999447,[np.float64(0.18222222222222223)],[np.float64(-0.07111111111111111)],[1],[0],[0],[1.591779750000569],['target'],2,001,2025-09-30_16h28.55.345,Visual Search Experiment,,2025.1.1,None,2025-09-30 16h29.05.525764 +0530,
82,0,82,[np.float64(-0.3377777777777778)],[np.float64(-0.37)],[1],[0],[0],[1.7825063329946715],['target'],82,0,82,0,133.6383024169918,,5,133.63185179200082,133.6383024169918,133.6383024169918,0.032778125008917414,135.41443108300155,[np.float64(-0.3377777777777778)],[np.float64(-0.37)],[1],[0],[0],[1.7825063329946715],['target'],2,001,2025-09-30_16h28.55.345,Visual Search Experiment,,2025.1.1,None,2025-09-30 16h29.05.525764 +0530,
83,0,83,[np.float64(0.4855555555555556)],[np.float64(-0.40444444444444444)],[1],[0],[0],[1.499483166000573],['target'],83,0,83,0,135.45459499998833,,5,135.44841183300014,135.45459499998833,135.45459499998833,0.033799999990151264,136.94796558299277,[np.float64(0.4855555555555556)],[np.float64(-0.40444444444444444)],[1],[0],[0],[1.499483166000573],['target'],2,001,2025-09-30_16h28.55.345,Visual Search Experiment,,2025.1.1,None,2025-09-30 16h29.05.525764 +0530,
84,0,84,[np.float64(-0.14666666666666667)],[np.float64(-0.10333333333333333)],[1],[0],[0],[1.90633075000369],['target'],84,0,84,0,137.0167786249949,,10,137.0077779169951,137.0167786249949,137.0167786249949,0.05964104100712575,138.91416775000107,[np.float64(-0.14666666666666667)],[np.float64(-0.10333333333333333)],[1],[0],[0],[1.90633075000369],['target'],2,001,2025-09-30_16h28.55.345,Visual Search Experiment,,2025.1.1,None,2025-09-30 16h29.05.525764 +0530,
85,0,85,[np.float64(0.3611111111111111)],[np.float64(0.15777777777777777)],[1],[0],[0],[1.3499165829998674],['target'],85,0,85,0,138.95398083300097,,5,138.94775479199598,138.95398083300097,138.95398083300097,0.03341912500036415,140.29774579199147,[np.float64(0.3611111111111111)],[np.float64(0.15777777777777777)],[1],[0],[0],[1.3499165829998674],['target'],2,001,2025-09-30_16h28.55.345,Visual Search Experiment,,2025.1.1,None,2025-09-30 16h29.05.525764 +0530,
86,0,86,[np.float64(0.1922222222222222)],[np.float64(-0.35555555555555557)],[1],[0],[0],[3.2684590840071905],['target'],86,0,86,0,140.37211650000245,,10,140.36311795799702,140.37211650000245,140.37211650000245,0.065197874995647,143.6316367499967,[np.float64(0.1922222222222222)],[np.float64(-0.35555555555555557)],[1],[0],[0],[3.2684590840071905],['target'],2,001,2025-09-30_16h28.55.345,Visual Search Experiment,,2025.1.1,None,2025-09-30 16h29.05.525764 +0530,
87,0,87,[np.float64(-0.07888888888888888)],[np.float64(0.36444444444444446)],[1],[0],[0],[1.2222747920022812],['target'],87,0,87,0,143.70117854198907,,10,143.69217058298818,143.70117854198907,143.70117854198907,0.06035441601125058,144.91450291698857,[np.float64(-0.07888888888888888)],[np.float64(0.36444444444444446)],[1],[0],[0],[1.2222747920022812],['target'],2,001,2025-09-30_16h28.55.345,Visual Search Experiment,,2025.1.1,None,2025-09-30 16h29.05.525764 +0530,
88,0,88,[np.float64(0.5055555555555555)],[np.float64(-0.025555555555555557)],[1],[0],[0],[2.309228083002381],['target'],88,0,88,0,144.98182149999775,,10,144.97266291698907,144.98182149999775,144.98182149999775,0.05799008399480954,147.28195037499245,[np.float64(0.5055555555555555)],[np.float64(-0.025555555555555557)],[1],[0],[0],[2.309228083002381],['target'],2,001,2025-09-30_16h28.55.345,Visual Search Experiment,,2025.1.1,None,2025-09-30 16h29.05.525764 +0530,
89,0,89,[np.float64(-0.17888888888888888)],[np.float64(0.2111111111111111)],[1],[0],[0],[1.3919219999952475],[None],89,0,89,0,147.34804762499698,,10,147.33915712499584,147.34804762499698,147.34804762499698,0.05703558299865108,148.73113770798955,[np.float64(-0.17888888888888888)],[np.float64(0.2111111111111111)],[1],[0],[0],[1.3919219999952475],[None],2,001,2025-09-30_16h28.55.345,Visual Search Experiment,,2025.1.1,None,2025-09-30 16h29.05.525764 +0530,
90,0,90,[np.float64(-0.2511111111111111)],[np.float64(0.23666666666666666)],[1],[0],[0],[0.8453130419948138],['target'],90,0,90,0,148.795689999999,,10,148.78650412498973,148.795689999999,148.795689999999,0.055190917002619244,149.63188841698866,[np.float64(-0.2511111111111111)],[np.float64(0.23666666666666666)],[1],[0],[0],[0.8453130419948138],['target'],2,001,2025-09-30_16h28.55.345,Visual Search Experiment,,2025.1.1,None,2025-09-30 16h29.05.525764 +0530,
91,0,91,[np.float64(-0.17222222222222222)],[np.float64(-0.34)],[1],[0],[0],[1.0641665000002831],['target'],91,0,91,0,149.67520308299572,,5,149.66883374999452,149.67520308299572,149.67520308299572,0.036737415997777134,150.73308133298997,[np.float64(-0.17222222222222222)],[np.float64(-0.34)],[1],[0],[0],[1.0641665000002831],['target'],2,001,2025-09-30_16h28.55.345,Visual Search Experiment,,2025.1.1,None,2025-09-30 16h29.05.525764 +0530,
92,0,92,[np.float64(-0.46555555555555556)],[np.float64(-0.04666666666666667)],[1],[0],[0],[0.8827700419933535],['target'],92,0,92,0,150.7731514999905,,5,150.76680854200094,150.7731514999905,150.7731514999905,0.033541124998009764,151.64965129199845,[np.float64(-0.46555555555555556)],[np.float64(-0.04666666666666667)],[1],[0],[0],[0.8827700419933535],['target'],2,001,2025-09-30_16h28.55.345,Visual Search Experiment,,2025.1.1,None,2025-09-30 16h29.05.525764 +0530,
93,0,93,[np.float64(-0.49)],[np.float64(-0.3288888888888889)],[1],[0],[0],[1.5371228750009323],['target'],93,0,93,0,151.71979137499875,,10,151.71097816700058,151.71979137499875,151.71979137499875,0.06115608300024178,153.2481572079996,[np.float64(-0.49)],[np.float64(-0.3288888888888889)],[1],[0],[0],[1.5371228750009323],['target'],2,001,2025-09-30_16h28.55.345,Visual Search Experiment,,2025.1.1,None,2025-09-30 16h29.05.525764 +0530,
94,0,94,[np.float64(-0.24666666666666667)],[np.float64(0.3622222222222222)],[1],[0],[0],[2.0951438339980086],['target'],94,0,94,0,153.31375424998987,,10,153.30476241699944,153.31375424998987,153.31375424998987,0.05643695799517445,155.40002979199926,[np.float64(-0.24666666666666667)],[np.float64(0.3622222222222222)],[1],[0],[0],[2.0951438339980086],['target'],2,001,2025-09-30_16h28.55.345,Visual Search Experiment,,2025.1.1,None,2025-09-30 16h29.05.525764 +0530,
95,0,95,[np.float64(-0.12777777777777777)],[np.float64(-0.4777777777777778)],[1],[0],[0],[1.6991312919999473],['target'],95,0,95,0,155.47540320799453,,10,155.46610612499353,155.47540320799453,155.47540320799453,0.06557462501223199,157.16528449999169,[np.float64(-0.12777777777777777)],[np.float64(-0.4777777777777778)],[1],[0],[0],[1.6991312919999473],['target'],2,001,2025-09-30_16h28.55.345,Visual Search Experiment,,2025.1.1,None,2025-09-30 16h29.05.525764 +0530,
96,0,96,[np.float64(-0.2733333333333333)],[np.float64(-0.03333333333333333)],[1],[0],[0],[1.0236334590008482],['target'],96,0,96,0,157.23315958298917,,10,157.22418487499817,157.23315958298917,157.23315958298917,0.0587226249917876,158.24787654199463,[np.float64(-0.2733333333333333)],[np.float64(-0.03333333333333333)],[1],[0],[0],[1.0236334590008482],['target'],2,001,2025-09-30_16h28.55.345,Visual Search Experiment,,2025.1.1,None,2025-09-30 16h29.05.525764 +0530,
97,0,97,[np.float64(0.025555555555555557)],[np.float64(0.04555555555555556)],[1],[0],[0],[2.009412333005457],['target'],97,0,97,0,158.31436516699614,,10,158.30557379199308,158.31436516699614,158.31436516699614,0.057530791993485764,160.31504795799265,[np.float64(0.025555555555555557)],[np.float64(0.04555555555555556)],[1],[0],[0],[2.009412333005457],['target'],2,001,2025-09-30_16h28.55.345,Visual Search Experiment,,2025.1.1,None,2025-09-30 16h29.05.525764 +0530,
98,0,98,[np.float64(-0.28444444444444444)],[np.float64(0.47555555555555556)],[1],[0],[0],[1.191842458996689],['target'],98,0,98,0,160.43869279199862,,10,160.4262416249985,160.43869279199862,160.43869279199862,0.11108008299197536,161.61822350000148,[np.float64(-0.28444444444444444)],[np.float64(0.47555555555555556)],[1],[0],[0],[1.191842458996689],['target'],2,001,2025-09-30_16h28.55.345,Visual Search Experiment,,2025.1.1,None,2025-09-30 16h29.05.525764 +0530,
99,0,99,[np.float64(-0.33444444444444443)],[np.float64(0.14555555555555555)],[1],[0],[0],[0.8059673329989891],[None],99,0,99,0,161.66613787499955,,5,161.6590792079951,161.66613787499955,161.66613787499955,0.04038787499302998,162.46510187500098,[np.float64(-0.33444444444444443)],[np.float64(0.14555555555555555)],[1],[0],[0],[0.8059673329989891],[None],2,001,2025-09-30_16h28.55.345,Visual Search Experiment,,2025.1.1,None,2025-09-30 16h29.05.525764 +0530,
100,0,100,[np.float64(0.4988888888888889)],[np.float64(0.4488888888888889)],[1],[0],[0],[1.4828040830034297],['target'],100,0,100,0,162.50606745800178,,5,162.4993715419987,162.50606745800178,162.50606745800178,0.034092875008354895,163.98226366699964,[np.float64(0.4988888888888889)],[np.float64(0.4488888888888889)],[1],[0],[0],[1.4828040830034297],['target'],2,001,2025-09-30_16h28.55.345,Visual Search Experiment,,2025.1.1,None,2025-09-30 16h29.05.525764 +0530,
101,0,101,[np.float64(0.35)],[np.float64(0.06111111111111111)],[1],[0],[0],[1.5150877080013743],['target'],101,0,101,0,164.05827670799044,,10,164.04940041698865,164.05827670799044,164.05827670799044,0.06693100000848062,165.56454604199098,[np.float64(0.35)],[np.float64(0.06111111111111111)],[1],[0],[0],[1.5150877080013743],['target'],2,001,2025-09-30_16h28.55.345,Visual Search Experiment,,2025.1.1,None,2025-09-30 16h29.05.525764 +0530,
102,0,102,[np.float64(-0.43666666666666665)],[np.float64(0.05)],[1],[0],[0],[0.9726404159882804],['target'],102,0,102,0,165.63404670800082,,10,165.62509337499796,165.63404670800082,165.63404670800082,0.060376374996849336,166.59778733299754,[np.float64(-0.43666666666666665)],[np.float64(0.05)],[1],[0],[0],[0.9726404159882804],['target'],2,001,2025-09-30_16h28.55.345,Visual Search Experiment,,2025.1.1,None,2025-09-30 16h29.05.525764 +0530,
103,0,103,[np.float64(-0.2911111111111111)],[np.float64(0.3511111111111111)],[1],[0],[0],[0.9189570409944281],['target'],103,0,103,0,166.636864916989,,5,166.6304169169889,166.636864916989,166.636864916989,0.03246620899881236,167.5494777499989,[np.float64(-0.2911111111111111)],[np.float64(0.3511111111111111)],[1],[0],[0],[0.9189570409944281],['target'],2,001,2025-09-30_16h28.55.345,Visual Search Experiment,,2025.1.1,None,2025-09-30 16h29.05.525764 +0530,
104,0,104,[np.float64(-0.4811111111111111)],[np.float64(-0.028888888888888888)],[1],[0],[0],[0.862101040998823],[None],104,0,104,0,167.59260337500018,,5,167.5860164170008,167.59260337500018,167.59260337500018,0.03632887500862125,168.4482084170013,[np.float64(-0.4811111111111111)],[np.float64(-0.028888888888888888)],[1],[0],[0],[0.862101040998823],[None],2,001,2025-09-30_16h28.55.345,Visual Search Experiment,,2025.1.1,None,2025-09-30 16h29.05.525764 +0530,
105,0,105,[np.float64(0.33444444444444443)],[np.float64(0.37222222222222223)],[1],[0],[0],[1.1527952080068644],['target'],105,0,105,0,168.52060533298936,,10,168.51152524999634,168.52060533298936,168.52060533298936,0.06306187500013039,169.6643751669908,[np.float64(0.33444444444444443)],[np.float64(0.37222222222222223)],[1],[0],[0],[1.1527952080068644],['target'],2,001,2025-09-30_16h28.55.345,Visual Search Experiment,,2025.1.1,None,2025-09-30 16h29.05.525764 +0530,
106,0,106,[np.float64(0.22777777777777777)],[np.float64(-0.24444444444444444)],[1],[0],[0],[1.7700924170057988],['target'],106,0,106,0,169.73688391699397,,10,169.72807441699842,169.73688391699397,169.73688391699397,0.06353479198878631,171.4982183749962,[np.float64(0.22777777777777777)],[np.float64(-0.24444444444444444)],[1],[0],[0],[1.7700924170057988],['target'],2,001,2025-09-30_16h28.55.345,Visual Search Experiment,,2025.1.1,None,2025-09-30 16h29.05.525764 +0530,
107,0,107,[np.float64(0.11555555555555555)],[np.float64(0.4388888888888889)],[1],[0],[0],[1.3170075829984853],['target'],107,0,107,0,171.53683404199546,,5,171.53060374999768,171.53683404199546,171.53683404199546,0.032221249988651834,172.8476821249933,[np.float64(0.11555555555555555)],[np.float64(0.4388888888888889)],[1],[0],[0],[1.3170075829984853],['target'],2,001,2025-09-30_16h28.55.345,Visual Search Experiment,,2025.1.1,None,2025-09-30 16h29.05.525764 +0530,
108,0,108,[np.float64(-0.2577777777777778)],[np.float64(0.2833333333333333)],[1],[0],[0],[0.9528833749936894],[None],108,0,108,0,172.9201397079887,,10,172.91124258299533,172.9201397079887,172.9201397079887,0.06339125000522472,173.86417954199715,[np.float64(-0.2577777777777778)],[np.float64(0.2833333333333333)],[1],[0],[0],[0.9528833749936894],[None],2,001,2025-09-30_16h28.55.345,Visual Search Experiment,,2025.1.1,None,2025-09-30 16h29.05.525764 +0530,
109,0,109,[np.float64(-0.4688888888888889)],[np.float64(-0.1411111111111111)],[1],[0],[0],[1.5228202080033952],['target'],109,0,109,0,173.93409124999016,,10,173.9249603329954,173.93409124999016,173.93409124999016,0.06062075000954792,175.44783941700007,[np.float64(-0.4688888888888889)],[np.float64(-0.1411111111111111)],[1],[0],[0],[1.5228202080033952],['target'],2,001,2025-09-30_16h28.55.345,Visual Search Experiment,,2025.1.1,None,2025-09-30 16h29.05.525764 +0530,
110,0,110,[np.float64(-0.14444444444444443)],[np.float64(0.23777777777777778)],[1],[0],[0],[0.9920226660033222],['target'],110,0,110,0,175.51488070799678,,10,175.50595966698893,175.51488070799678,175.51488070799678,0.0579467080096947,176.49803595799312,[np.float64(-0.14444444444444443)],[np.float64(0.23777777777777778)],[1],[0],[0],[0.9920226660033222],['target'],2,001,2025-09-30_16h28.55.345,Visual Search Experiment,,2025.1.1,None,2025-09-30 16h29.05.525764 +0530,
111,0,111,[np.float64(0.28888888888888886)],[np.float64(0.38333333333333336)],[1],[0],[0],[1.1863164579990553],['target'],111,0,111,0,176.5339932499919,,5,176.5278258749895,176.5339932499919,176.5339932499919,0.029624707996845245,177.7142113329901,[np.float64(0.28888888888888886)],[np.float64(0.38333333333333336)],[1],[0],[0],[1.1863164579990553],['target'],2,001,2025-09-30_16h28.55.345,Visual Search Experiment,,2025.1.1,None,2025-09-30 16h29.05.525764 +0530,
112,0,112,[np.float64(0.43)],[np.float64(0.41)],[1],[0],[0],[1.8567468330002157],['target'],112,0,112,0,177.7828346669994,,10,177.77404387498973,177.7828346669994,177.7828346669994,0.05965991700941231,179.6308438749984,[np.float64(0.43)],[np.float64(0.41)],[1],[0],[0],[1.8567468330002157],['target'],2,001,2025-09-30_16h28.55.345,Visual Search Experiment,,2025.1.1,None,2025-09-30 16h29.05.525764 +0530,
113,0,113,[np.float64(0.4)],[np.float64(-0.21888888888888888)],[1],[0],[0],[1.2548518749972573],['target'],113,0,113,0,179.66784370799724,,5,179.6613077919901,179.66784370799724,179.66784370799724,0.030267915994045325,180.91624724998837,[np.float64(0.4)],[np.float64(-0.21888888888888888)],[1],[0],[0],[1.2548518749972573],['target'],2,001,2025-09-30_16h28.55.345,Visual Search Experiment,,2025.1.1,None,2025-09-30 16h29.05.525764 +0530,
114,0,114,[np.float64(-0.35888888888888887)],[np.float64(0.23222222222222222)],[1],[0],[0],[1.2300570420047734],['target'],114,0,114,0,180.960725500001,,5,180.95230537500174,180.960725500001,180.960725500001,0.03588908301026095,182.18246366699168,[np.float64(-0.35888888888888887)],[np.float64(0.23222222222222222)],[1],[0],[0],[1.2300570420047734],['target'],2,001,2025-09-30_16h28.55.345,Visual Search Experiment,,2025.1.1,None,2025-09-30 16h29.05.525764 +0530,
115,0,115,[np.float64(-0.4622222222222222)],[np.float64(-0.06111111111111111)],[1],[0],[0],[1.846814375006943],['target'],115,0,115,0,182.22425074999046,,5,182.21790054198937,182.22425074999046,182.22425074999046,0.03519904198765289,184.0647883329948,[np.float64(-0.4622222222222222)],[np.float64(-0.06111111111111111)],[1],[0],[0],[1.846814375006943],['target'],2,001,2025-09-30_16h28.55.345,Visual Search Experiment,,2025.1.1,None,2025-09-30 16h29.05.525764 +0530,
116,0,116,[np.float64(0.11666666666666667)],[np.float64(-0.2588888888888889)],[1],[0],[0],[1.3170534579985542],['target'],116,0,116,0,184.10594912499073,,5,184.099373457997,184.10594912499073,184.10594912499073,0.03441712500352878,185.41653012498864,[np.float64(0.11666666666666667)],[np.float64(-0.2588888888888889)],[1],[0],[0],[1.3170534579985542],['target'],2,001,2025-09-30_16h28.55.345,Visual Search Experiment,,2025.1.1,None,2025-09-30 16h29.05.525764 +0530,
117,0,117,[np.float64(0.034444444444444444)],[np.float64(-0.07111111111111111)],[1],[0],[0],[2.370048707991373],['target'],117,0,117,0,185.48645020800177,,10,185.47747333299776,185.48645020800177,185.48645020800177,0.06063325000286568,187.84757625000202,[np.float64(0.034444444444444444)],[np.float64(-0.07111111111111111)],[1],[0],[0],[2.370048707991373],['target'],2,001,2025-09-30_16h28.55.345,Visual Search Experiment,,2025.1.1,None,2025-09-30 16h29.05.525764 +0530,
118,0,118,[np.float64(-0.24222222222222223)],[np.float64(-0.4866666666666667)],[1],[0],[0],[1.5086777499964228],[None],118,0,118,0,187.9155235419894,,10,187.90651549999893,187.9155235419894,187.9155235419894,0.05876529199304059,189.41526354198868,[np.float64(-0.24222222222222223)],[np.float64(-0.4866666666666667)],[1],[0],[0],[1.5086777499964228],[None],2,001,2025-09-30_16h28.55.345,Visual Search Experiment,,2025.1.1,None,2025-09-30 16h29.05.525764 +0530,
119,0,119,[np.float64(0.19555555555555557)],[np.float64(0.49333333333333335)],[1],[0],[0],[1.6218707919906592],['target'],119,0,119,0,189.45534408299136,,5,189.4487358329934,189.45534408299136,189.45534408299136,0.03326133399968967,191.07067212498805,[np.float64(0.19555555555555557)],[np.float64(0.49333333333333335)],[1],[0],[0],[1.6218707919906592],['target'],2,001,2025-09-30_16h28.55.345,Visual Search Experiment,,2025.1.1,None,2025-09-30 16h29.05.525764 +0530,
120,0,120,[np.float64(0.09888888888888889)],[np.float64(0.38666666666666666)],[1],[0],[0],[1.0114104170061182],['target'],120,0,120,0,191.10821312500047,,5,191.10176208299526,191.10821312500047,191.10821312500047,0.030951167005696334,192.1132418329944,[np.float64(0.09888888888888889)],[np.float64(0.38666666666666666)],[1],[0],[0],[1.0114104170061182],['target'],2,001,2025-09-30_16h28.55.345,Visual Search Experiment,,2025.1.1,None,2025-09-30 16h29.05.525764 +0530,
121,0,121,[np.float64(0.08444444444444445)],[np.float64(-0.3088888888888889)],[1],[0],[0],[1.7100432500010356],['target'],121,0,121,0,192.18059829199046,,10,192.17143979200046,192.18059829199046,192.18059829199046,0.058029207997606136,193.88155725000252,[np.float64(0.08444444444444445)],[np.float64(-0.3088888888888889)],[1],[0],[0],[1.7100432500010356],['target'],2,001,2025-09-30_16h28.55.345,Visual Search Experiment,,2025.1.1,None,2025-09-30 16h29.05.525764 +0530,
122,0,122,[np.float64(0.4255555555555556)],[np.float64(0.2011111111111111)],[1],[0],[0],[1.6329608329979237],['target'],122,0,122,0,193.92076374999306,,5,193.91447454199078,193.92076374999306,193.92076374999306,0.03265575000841636,195.54750558298838,[np.float64(0.4255555555555556)],[np.float64(0.2011111111111111)],[1],[0],[0],[1.6329608329979237],['target'],2,001,2025-09-30_16h28.55.345,Visual Search Experiment,,2025.1.1,None,2025-09-30 16h29.05.525764 +0530,
123,0,123,[np.float64(0.2111111111111111)],[np.float64(-0.10444444444444445)],[1],[0],[0],[1.5880386250064475],['target'],123,0,123,0,195.61804891699285,,10,195.6091377499979,195.61804891699285,195.61804891699285,0.06146266600990202,197.19723449999583,[np.float64(0.2111111111111111)],[np.float64(-0.10444444444444445)],[1],[0],[0],[1.5880386250064475],['target'],2,001,2025-09-30_16h28.55.345,Visual Search Experiment,,2025.1.1,None,2025-09-30 16h29.05.525764 +0530,
124,0,124,[np.float64(-0.31555555555555553)],[np.float64(-0.4477777777777778)],[1],[0],[0],[1.7557903339911718],['target'],124,0,124,0,197.2481642079947,,5,197.2416696250002,197.2481642079947,197.2481642079947,0.04426620900630951,198.99752499999886,[np.float64(-0.31555555555555553)],[np.float64(-0.4477777777777778)],[1],[0],[0],[1.7557903339911718],['target'],2,001,2025-09-30_16h28.55.345,Visual Search Experiment,,2025.1.1,None,2025-09-30 16h29.05.525764 +0530,
125,0,125,[np.float64(0.4088888888888889)],[np.float64(0.33555555555555555)],[1],[0],[0],[1.426323958003195],['target'],125,0,125,0,199.06403066699568,,10,199.05491495798924,199.06403066699568,199.06403066699568,0.05722329100535717,200.48129674998927,[np.float64(0.4088888888888889)],[np.float64(0.33555555555555555)],[1],[0],[0],[1.426323958003195],['target'],2,001,2025-09-30_16h28.55.345,Visual Search Experiment,,2025.1.1,None,2025-09-30 16h29.05.525764 +0530,
126,0,126,[np.float64(-0.12666666666666668)],[np.float64(-0.4588888888888889)],[1],[0],[0],[2.6338454590004403],['target'],126,0,126,0,200.52154366699688,,5,200.51527324999915,200.52154366699688,200.52154366699688,0.033798874996136874,203.14920429199992,[np.float64(-0.12666666666666668)],[np.float64(-0.4588888888888889)],[1],[0],[0],[2.6338454590004403],['target'],2,001,2025-09-30_16h28.55.345,Visual Search Experiment,,2025.1.1,None,2025-09-30 16h29.05.525764 +0530,
127,0,127,[np.float64(-0.38)],[np.float64(-0.27444444444444444)],[1],[0],[0],[1.1973153750004712],['target'],127,0,127,0,203.1927579579933,,5,203.1840780420025,203.1927579579933,203.1927579579933,0.03468533299746923,204.3814645419916,[np.float64(-0.38)],[np.float64(-0.27444444444444444)],[1],[0],[0],[1.1973153750004712],['target'],2,001,2025-09-30_16h28.55.345,Visual Search Experiment,,2025.1.1,None,2025-09-30 16h29.05.525764 +0530,
128,0,128,[np.float64(0.16777777777777778)],[np.float64(-0.2611111111111111)],[1],[0],[0],[1.1980242080026073],['target'],128,0,128,0,204.42488270800095,,5,204.41725899999437,204.42488270800095,204.42488270800095,0.03562650000094436,205.615364917001,[np.float64(0.16777777777777778)],[np.float64(-0.2611111111111111)],[1],[0],[0],[1.1980242080026073],['target'],2,001,2025-09-30_16h28.55.345,Visual Search Experiment,,2025.1.1,None,2025-09-30 16h29.05.525764 +0530,
129,0,129,[np.float64(0.2477777777777778)],[np.float64(0.37)],[1],[0],[0],[1.4356945420004195],['target'],129,0,129,0,205.68901866699161,,10,205.6799689999898,205.68901866699161,205.68901866699161,0.06442137499107048,207.11668966698926,[np.float64(0.2477777777777778)],[np.float64(0.37)],[1],[0],[0],[1.4356945420004195],['target'],2,001,2025-09-30_16h28.55.345,Visual Search Experiment,,2025.1.1,None,2025-09-30 16h29.05.525764 +0530,
130,0,130,[np.float64(0.3988888888888889)],[np.float64(0.4666666666666667)],[1],[0],[0],[1.2515306669956772],['target'],130,0,130,0,207.2071335419896,,5,207.19635329199082,207.2071335419896,207.2071335419896,0.07822291699994821,208.44791641698976,[np.float64(0.3988888888888889)],[np.float64(0.4666666666666667)],[1],[0],[0],[1.2515306669956772],['target'],2,001,2025-09-30_16h28.55.345,Visual Search Experiment,,2025.1.1,None,2025-09-30 16h29.05.525764 +0530,
131,0,131,[np.float64(0.15444444444444444)],[np.float64(-0.06222222222222222)],[1],[0],[0],[1.5610887500079116],['target'],131,0,131,0,208.49384295799246,,5,208.48736195798847,208.49384295799246,208.49384295799246,0.03927270800340921,210.04852854199999,[np.float64(0.15444444444444444)],[np.float64(-0.06222222222222222)],[1],[0],[0],[1.5610887500079116],['target'],2,001,2025-09-30_16h28.55.345,Visual Search Experiment,,2025.1.1,None,2025-09-30 16h29.05.525764 +0530,
132,0,132,[np.float64(-0.17888888888888888)],[np.float64(0.03333333333333333)],[1],[0],[0],[1.4870068750024075],[None],132,0,132,0,210.12076170799264,,10,210.11133012500068,210.12076170799264,210.12076170799264,0.06260791700333357,211.59840466699097,[np.float64(-0.17888888888888888)],[np.float64(0.03333333333333333)],[1],[0],[0],[1.4870068750024075],[None],2,001,2025-09-30_16h28.55.345,Visual Search Experiment,,2025.1.1,None,2025-09-30 16h29.05.525764 +0530,
133,0,133,[np.float64(0.024444444444444446)],[np.float64(-0.47888888888888886)],[1],[0],[0],[2.619849166003405],['target'],133,0,133,0,211.67032041698985,,10,211.66135329200188,211.67032041698985,211.67032041698985,0.06274116699933074,214.28126158298983,[np.float64(0.024444444444444446)],[np.float64(-0.47888888888888886)],[1],[0],[0],[2.619849166003405],['target'],2,001,2025-09-30_16h28.55.345,Visual Search Experiment,,2025.1.1,None,2025-09-30 16h29.05.525764 +0530,
134,0,134,[np.float64(-0.3611111111111111)],[np.float64(0.14666666666666667)],[1],[0],[0],[1.4402780829987023],['target'],134,0,134,0,214.3500132499903,,10,214.34108704199025,214.3500132499903,214.3500132499903,0.059657874997355975,215.78141395800048,[np.float64(-0.3611111111111111)],[np.float64(0.14666666666666667)],[1],[0],[0],[1.4402780829987023],['target'],2,001,2025-09-30_16h28.55.345,Visual Search Experiment,,2025.1.1,None,2025-09-30 16h29.05.525764 +0530,
135,0,135,[np.float64(0.15)],[np.float64(-0.2088888888888889)],[1],[0],[0],[2.527738541990402],['target'],135,0,135,0,215.84631470798922,,10,215.83730091698817,215.84631470798922,215.84631470798922,0.05574383299972396,218.3650982919935,[np.float64(0.15)],[np.float64(-0.2088888888888889)],[1],[0],[0],[2.527738541990402],['target'],2,001,2025-09-30_16h28.55.345,Visual Search Experiment,,2025.1.1,None,2025-09-30 16h29.05.525764 +0530,
136,0,136,[np.float64(-0.11)],[np.float64(-0.19)],[1],[0],[0],[0.9909394170099404],[None],136,0,136,0,218.4323584169906,,10,218.42335462498886,218.4323584169906,218.4323584169906,0.05809024999325629,219.41434925000067,[np.float64(-0.11)],[np.float64(-0.19)],[1],[0],[0],[0.9909394170099404],[None],2,001,2025-09-30_16h28.55.345,Visual Search Experiment,,2025.1.1,None,2025-09-30 16h29.05.525764 +0530,
137,0,137,[np.float64(-0.29)],[np.float64(-0.23666666666666666)],[1],[0],[0],[2.32892008399358],['target'],137,0,137,0,219.47814383299556,,10,219.46938712499104,219.47814383299556,219.47814383299556,0.05487183299555909,221.79838079199544,[np.float64(-0.29)],[np.float64(-0.23666666666666666)],[1],[0],[0],[2.32892008399358],['target'],2,001,2025-09-30_16h28.55.345,Visual Search Experiment,,2025.1.1,None,2025-09-30 16h29.05.525764 +0530,
138,0,138,[np.float64(-0.20222222222222222)],[np.float64(-0.08444444444444445)],[1],[0],[0],[0.8355351659993175],[None],138,0,138,0,221.8368169579917,,5,221.83056537499942,221.8368169579917,221.8368169579917,0.031939749998855405,222.6661861249886,[np.float64(-0.20222222222222222)],[np.float64(-0.08444444444444445)],[1],[0],[0],[0.8355351659993175],[None],2,001,2025-09-30_16h28.55.345,Visual Search Experiment,,2025.1.1,None,2025-09-30 16h29.05.525764 +0530,
139,0,139,[np.float64(0.18)],[np.float64(0.42777777777777776)],[1],[0],[0],[1.3856181669980288],['target'],139,0,139,0,222.73790904199996,,10,222.72905679199903,222.73790904199996,222.73790904199996,0.06269299999985378,224.11473295799806,[np.float64(0.18)],[np.float64(0.42777777777777776)],[1],[0],[0],[1.3856181669980288],['target'],2,001,2025-09-30_16h28.55.345,Visual Search Experiment,,2025.1.1,None,2025-09-30 16h29.05.525764 +0530,
140,0,140,[np.float64(-0.38555555555555554)],[np.float64(0.2311111111111111)],[1],[0],[0],[2.4054985839902656],['target'],140,0,140,0,224.18429416698928,,10,224.17499712499557,224.18429416698928,224.18429416698928,0.06011129201215226,226.58054974999686,[np.float64(-0.38555555555555554)],[np.float64(0.2311111111111111)],[1],[0],[0],[2.4054985839902656],['target'],2,001,2025-09-30_16h28.55.345,Visual Search Experiment,,2025.1.1,None,2025-09-30 16h29.05.525764 +0530,
141,0,141,[np.float64(-0.12111111111111111)],[np.float64(0.23777777777777778)],[1],[0],[0],[0.8356077079952229],['target'],141,0,141,0,226.6200759170024,,5,226.61341008299496,226.6200759170024,226.6200759170024,0.032692792010493577,227.4491009170015,[np.float64(-0.12111111111111111)],[np.float64(0.23777777777777778)],[1],[0],[0],[0.8356077079952229],['target'],2,001,2025-09-30_16h28.55.345,Visual Search Experiment,,2025.1.1,None,2025-09-30 16h29.05.525764 +0530,
142,0,142,[np.float64(-0.2966666666666667)],[np.float64(-0.43555555555555553)],[1],[0],[0],[1.529636916005984],['target'],142,0,142,0,227.4912032079883,,5,227.4836611669889,227.4912032079883,227.4912032079883,0.03437395900255069,229.01336891698884,[np.float64(-0.2966666666666667)],[np.float64(-0.43555555555555553)],[1],[0],[0],[1.529636916005984],['target'],2,001,2025-09-30_16h28.55.345,Visual Search Experiment,,2025.1.1,None,2025-09-30 16h29.05.525764 +0530,
143,0,143,[np.float64(-0.47333333333333333)],[np.float64(-0.0033333333333333335)],[1],[0],[0],[1.3121644590137294],['target'],143,0,143,0,229.05604287498863,,5,229.04985124999075,229.05604287498863,229.05604287498863,0.03631004200724419,230.36208454199368,[np.float64(-0.47333333333333333)],[np.float64(-0.0033333333333333335)],[1],[0],[0],[1.3121644590137294],['target'],2,001,2025-09-30_16h28.55.345,Visual Search Experiment,,2025.1.1,None,2025-09-30 16h29.05.525764 +0530,
144,0,144,[np.float64(0.51)],[np.float64(0.06333333333333334)],[1],[0],[0],[1.6892091249901569],['target'],144,0,144,0,230.43397208298848,,10,230.42493891699996,230.43397208298848,230.43397208298848,0.06268287499551661,232.114208125,[np.float64(0.51)],[np.float64(0.06333333333333334)],[1],[0],[0],[1.6892091249901569],['target'],2,001,2025-09-30_16h28.55.345,Visual Search Experiment,,2025.1.1,None,2025-09-30 16h29.05.525764 +0530,
145,0,145,[np.float64(-0.3422222222222222)],[np.float64(0.034444444444444444)],[1],[0],[0],[1.1987315419974038],['target'],145,0,145,0,232.15334549998806,,5,232.1469422079972,232.15334549998806,232.15334549998806,0.03255925000121351,233.34572658299294,[np.float64(-0.3422222222222222)],[np.float64(0.034444444444444444)],[1],[0],[0],[1.1987315419974038],['target'],2,001,2025-09-30_16h28.55.345,Visual Search Experiment,,2025.1.1,None,2025-09-30 16h29.05.525764 +0530,
146,0,146,[np.float64(0.24222222222222223)],[np.float64(0.4388888888888889)],[1],[0],[0],[1.4172072080109501],['target'],146,0,146,0,233.4247569579893,,10,233.41408458299702,233.4247569579893,233.4247569579893,0.06824224999581929,234.8313506669947,[np.float64(0.24222222222222223)],[np.float64(0.4388888888888889)],[1],[0],[0],[1.4172072080109501],['target'],2,001,2025-09-30_16h28.55.345,Visual Search Experiment,,2025.1.1,None,2025-09-30 16h29.05.525764 +0530,
147,0,147,[np.float64(-0.06333333333333334)],[np.float64(-0.32555555555555554)],[1],[0],[0],[1.8074947090062778],['target'],147,0,147,0,234.9000632919924,,10,234.8911382919905,234.9000632919924,234.9000632919924,0.05962016600824427,236.69869270799973,[np.float64(-0.06333333333333334)],[np.float64(-0.32555555555555554)],[1],[0],[0],[1.8074947090062778],['target'],2,001,2025-09-30_16h28.55.345,Visual Search Experiment,,2025.1.1,None,2025-09-30 16h29.05.525764 +0530,
148,0,148,[np.float64(0.15555555555555556)],[np.float64(-0.47555555555555556)],[1],[0],[0],[1.6346413330029463],['target'],148,0,148,0,236.73737145798805,,5,236.7307036669954,236.73737145798805,236.73737145798805,0.031839332994422875,238.36544995800068,[np.float64(0.15555555555555556)],[np.float64(-0.47555555555555556)],[1],[0],[0],[1.6346413330029463],['target'],2,001,2025-09-30_16h28.55.345,Visual Search Experiment,,2025.1.1,None,2025-09-30 16h29.05.525764 +0530,
149,0,149,[np.float64(0.29444444444444445)],[np.float64(-0.10111111111111111)],[1],[0],[0],[1.6012659999978496],['target'],149,0,149,0,238.4389659169974,,10,238.42956562498875,238.4389659169974,238.4389659169974,0.0638501249923138,240.03087916699587,[np.float64(0.29444444444444445)],[np.float64(-0.10111111111111111)],[1],[0],[0],[1.6012659999978496],['target'],2,001,2025-09-30_16h28.55.345,Visual Search Experiment,,2025.1.1,None,2025-09-30 16h29.05.525764 +0530,
150,0,150,[np.float64(-0.4444444444444444)],[np.float64(-0.052222222222222225)],[1],[0],[0],[1.1605708329880144],['target'],150,0,150,0,240.09468783299963,,10,240.08571554199443,240.09468783299963,240.09468783299963,0.05469533299037721,241.24634225000045,[np.float64(-0.4444444444444444)],[np.float64(-0.052222222222222225)],[1],[0],[0],[1.1605708329880144],['target'],2,001,2025-09-30_16h28.55.345,Visual Search Experiment,,2025.1.1,None,2025-09-30 16h29.05.525764 +0530,
151,0,151,[np.float64(0.10111111111111111)],[np.float64(-0.1111111111111111)],[1],[0],[0],[1.8985792500025127],['target'],151,0,151,0,241.28717983300157,,5,241.28082391699718,241.28717983300157,241.28717983300157,0.034313209005631506,243.17947750000167,[np.float64(0.10111111111111111)],[np.float64(-0.1111111111111111)],[1],[0],[0],[1.8985792500025127],['target'],2,001,2025-09-30_16h28.55.345,Visual Search Experiment,,2025.1.1,None,2025-09-30 16h29.05.525764 +0530,
152,0,152,[np.float64(0.4288888888888889)],[np.float64(-0.12222222222222222)],[1],[0],[0],[2.127080374993966],['target'],152,0,152,0,243.2461175419885,,10,243.23716558299202,243.2461175419885,243.2461175419885,0.05751379200955853,245.3643222499959,[np.float64(0.4288888888888889)],[np.float64(-0.12222222222222222)],[1],[0],[0],[2.127080374993966],['target'],2,001,2025-09-30_16h28.55.345,Visual Search Experiment,,2025.1.1,None,2025-09-30 16h29.05.525764 +0530,
153,0,153,[np.float64(-0.31)],[np.float64(-0.35333333333333333)],[1],[0],[0],[1.6997850409970852],['target'],153,0,153,0,245.40452320799523,,5,245.39819979199092,245.40452320799523,245.40452320799523,0.033667083000182174,247.09806020799442,[np.float64(-0.31)],[np.float64(-0.35333333333333333)],[1],[0],[0],[1.6997850409970852],['target'],2,001,2025-09-30_16h28.55.345,Visual Search Experiment,,2025.1.1,None,2025-09-30 16h29.05.525764 +0530,
154,0,154,[np.float64(-0.16)],[np.float64(-0.43)],[1],[0],[0],[1.0487609580013668],['target'],154,0,154,0,247.1392439170013,,5,247.1328486249986,247.1392439170013,247.1392439170013,0.03461562500160653,248.18168637499912,[np.float64(-0.16)],[np.float64(-0.43)],[1],[0],[0],[1.0487609580013668],['target'],2,001,2025-09-30_16h28.55.345,Visual Search Experiment,,2025.1.1,None,2025-09-30 16h29.05.525764 +0530,
155,0,155,[np.float64(0.056666666666666664)],[np.float64(0.4711111111111111)],[1],[0],[0],[1.2721613329922548],['target'],155,0,155,0,248.2501724169997,,10,248.2407775419997,248.2501724169997,248.2501724169997,0.058884833997581154,249.51301279199834,[np.float64(0.056666666666666664)],[np.float64(0.4711111111111111)],[1],[0],[0],[1.2721613329922548],['target'],2,001,2025-09-30_16h28.55.345,Visual Search Experiment,,2025.1.1,None,2025-09-30 16h29.05.525764 +0530,
156,0,156,[np.float64(0.06111111111111111)],[np.float64(0.3388888888888889)],[1],[0],[0],[1.2947850409982493],['target'],156,0,156,0,249.57791895799164,,10,249.56905745799304,249.57791895799164,249.57791895799164,0.05578537499241065,250.86389487500128,[np.float64(0.06111111111111111)],[np.float64(0.3388888888888889)],[1],[0],[0],[1.2947850409982493],['target'],2,001,2025-09-30_16h28.55.345,Visual Search Experiment,,2025.1.1,None,2025-09-30 16h29.05.525764 +0530,
157,0,157,[np.float64(-0.057777777777777775)],[np.float64(0.4444444444444444)],[1],[0],[0],[1.7007310839981074],['target'],157,0,157,0,250.90187145800155,,5,250.89562724999269,250.90187145800155,250.90187145800155,0.0315590000100201,252.59643420799694,[np.float64(-0.057777777777777775)],[np.float64(0.4444444444444444)],[1],[0],[0],[1.7007310839981074],['target'],2,001,2025-09-30_16h28.55.345,Visual Search Experiment,,2025.1.1,None,2025-09-30 16h29.05.525764 +0530,
158,0,158,[np.float64(0.3011111111111111)],[np.float64(-0.2688888888888889)],[1],[0],[0],[1.4858119169948623],['target'],158,0,158,0,252.6364677919919,,5,252.6301651669928,252.6364677919919,252.6364677919919,0.03354512499936391,254.11605425000016,[np.float64(0.3011111111111111)],[np.float64(-0.2688888888888889)],[1],[0],[0],[1.4858119169948623],['target'],2,001,2025-09-30_16h28.55.345,Visual Search Experiment,,2025.1.1,None,2025-09-30 16h29.05.525764 +0530,
159,0,159,[np.float64(0.4722222222222222)],[np.float64(-0.17444444444444446)],[1],[0],[0],[1.3442842090007616],['target'],159,0,159,0,254.1573053329921,,5,254.15097220799362,254.1573053329921,254.1573053329921,0.03474737500073388,255.49532645799627,[np.float64(0.4722222222222222)],[np.float64(-0.17444444444444446)],[1],[0],[0],[1.3442842090007616],['target'],2,001,2025-09-30_16h28.55.345,Visual Search Experiment,,2025.1.1,None,2025-09-30 16h29.05.525764 +0530,
160,0,160,[np.float64(0.2288888888888889)],[np.float64(-0.13333333333333333)],[1],[0],[0],[2.105850209001801],['target'],160,0,160,0,255.56717366699013,,10,255.5580762919999,255.56717366699013,255.56717366699013,0.06257779199222568,257.6639826669998,[np.float64(0.2288888888888889)],[np.float64(-0.13333333333333333)],[1],[0],[0],[2.105850209001801],['target'],2,001,2025-09-30_16h28.55.345,Visual Search Experiment,,2025.1.1,None,2025-09-30 16h29.05.525764 +0530,
161,0,161,[np.float64(0.3188888888888889)],[np.float64(0.19111111111111112)],[1],[0],[0],[1.1345284999988507],[None],161,0,161,0,257.7026168750017,,5,257.69613395800116,257.7026168750017,257.7026168750017,0.03198408300522715,258.83073208299174,[np.float64(0.3188888888888889)],[np.float64(0.19111111111111112)],[1],[0],[0],[1.1345284999988507],[None],2,001,2025-09-30_16h28.55.345,Visual Search Experiment,,2025.1.1,None,2025-09-30 16h29.05.525764 +0530,
162,0,162,[np.float64(0.4677777777777778)],[np.float64(0.19111111111111112)],[1],[0],[0],[1.0190711670002202],[None],162,0,162,0,258.86973404198943,,5,258.8635034170002,258.86973404198943,258.86973404198943,0.03260674999910407,259.8826557499997,[np.float64(0.4677777777777778)],[np.float64(0.19111111111111112)],[1],[0],[0],[1.0190711670002202],[None],2,001,2025-09-30_16h28.55.345,Visual Search Experiment,,2025.1.1,None,2025-09-30 16h29.05.525764 +0530,
163,0,163,[np.float64(0.34)],[np.float64(0.3488888888888889)],[1],[0],[0],[0.960226416005753],[None],163,0,163,0,259.92467045800004,,5,259.9184465829894,259.92467045800004,259.92467045800004,0.03562312498979736,260.8787437919964,[np.float64(0.34)],[np.float64(0.3488888888888889)],[1],[0],[0],[0.960226416005753],[None],2,001,2025-09-30_16h28.55.345,Visual Search Experiment,,2025.1.1,None,2025-09-30 16h29.05.525764 +0530,
164,0,164,[np.float64(0.17222222222222222)],[np.float64(0.29555555555555557)],[1],[0],[0],[0.9941847500012955],['target'],164,0,164,0,260.94548633298837,,10,260.9364052079909,260.94548633298837,260.94548633298837,0.05749737500445917,261.93064599999343,[np.float64(0.17222222222222222)],[np.float64(0.29555555555555557)],[1],[0],[0],[0.9941847500012955],['target'],2,001,2025-09-30_16h28.55.345,Visual Search Experiment,,2025.1.1,None,2025-09-30 16h29.05.525764 +0530,
165,0,165,[np.float64(-0.4488888888888889)],[np.float64(0.3711111111111111)],[1],[0],[0],[1.4280932910041884],['target'],165,0,165,0,261.99522083299235,,10,261.9861874999915,261.99522083299235,261.99522083299235,0.05537683400325477,263.4143414579885,[np.float64(-0.4488888888888889)],[np.float64(0.3711111111111111)],[1],[0],[0],[1.4280932910041884],['target'],2,001,2025-09-30_16h28.55.345,Visual Search Experiment,,2025.1.1,None,2025-09-30 16h29.05.525764 +0530,
166,0,166,[np.float64(0.3055555555555556)],[np.float64(0.13111111111111112)],[1],[0],[0],[1.3261343329941155],['target'],166,0,166,0,263.48075979200075,,10,263.4716476249887,263.48075979200075,263.48075979200075,0.05713833299523685,264.79784312499396,[np.float64(0.3055555555555556)],[np.float64(0.13111111111111112)],[1],[0],[0],[1.3261343329941155],['target'],2,001,2025-09-30_16h28.55.345,Visual Search Experiment,,2025.1.1,None,2025-09-30 16h29.05.525764 +0530,
167,0,167,[np.float64(0.18333333333333332)],[np.float64(-0.043333333333333335)],[1],[0],[0],[2.1095018749911105],['target'],167,0,167,0,264.8646161249926,,10,264.85451904199726,264.8646161249926,264.8646161249926,0.05650212500768248,266.9640752080013,[np.float64(0.18333333333333332)],[np.float64(-0.043333333333333335)],[1],[0],[0],[2.1095018749911105],['target'],2,001,2025-09-30_16h28.55.345,Visual Search Experiment,,2025.1.1,None,2025-09-30 16h29.05.525764 +0530,
168,0,168,[np.float64(0.03888888888888889)],[np.float64(-0.03222222222222222)],[1],[0],[0],[1.4193078340031207],['target'],168,0,168,0,267.002891791999,,5,266.9964066669927,267.002891791999,267.002891791999,0.0321667910029646,268.4157958750002,[np.float64(0.03888888888888889)],[np.float64(-0.03222222222222222)],[1],[0],[0],[1.4193078340031207],['target'],2,001,2025-09-30_16h28.55.345,Visual Search Experiment,,2025.1.1,None,2025-09-30 16h29.05.525764 +0530,
169,0,169,[np.float64(-0.042222222222222223)],[np.float64(-0.46111111111111114)],[1],[0],[0],[1.3952164579968667],['target'],169,0,169,0,268.45782737499394,,5,268.450233208001,268.45782737499394,268.45782737499394,0.034248958007083274,269.84549229199183,[np.float64(-0.042222222222222223)],[np.float64(-0.46111111111111114)],[1],[0],[0],[1.3952164579968667],['target'],2,001,2025-09-30_16h28.55.345,Visual Search Experiment,,2025.1.1,None,2025-09-30 16h29.05.525764 +0530,
170,0,170,[np.float64(0.37333333333333335)],[np.float64(0.2788888888888889)],[1],[0],[0],[1.309938582999166],[None],170,0,170,0,269.91336454199336,,10,269.90425833300105,269.91336454199336,269.91336454199336,0.058667749995947815,271.21425541699864,[np.float64(0.37333333333333335)],[np.float64(0.2788888888888889)],[1],[0],[0],[1.309938582999166],[None],2,001,2025-09-30_16h28.55.345,Visual Search Experiment,,2025.1.1,None,2025-09-30 16h29.05.525764 +0530,
171,0,171,[np.float64(-0.26222222222222225)],[np.float64(0.37)],[1],[0],[0],[1.341471082996577],[None],171,0,171,0,271.28298670799995,,10,271.27406650000194,271.28298670799995,271.28298670799995,0.0596452909958316,272.6156312079984,[np.float64(-0.26222222222222225)],[np.float64(0.37)],[1],[0],[0],[1.341471082996577],[None],2,001,2025-09-30_16h28.55.345,Visual Search Experiment,,2025.1.1,None,2025-09-30 16h29.05.525764 +0530,
172,0,172,[np.float64(-0.24666666666666667)],[np.float64(-0.011111111111111112)],[1],[0],[0],[1.381521208997583],['target'],172,0,172,0,272.65588074999687,,5,272.64961987499555,272.65588074999687,272.65588074999687,0.0336830840096809,274.03121191699756,[np.float64(-0.24666666666666667)],[np.float64(-0.011111111111111112)],[1],[0],[0],[1.381521208997583],['target'],2,001,2025-09-30_16h28.55.345,Visual Search Experiment,,2025.1.1,None,2025-09-30 16h29.05.525764 +0530,
173,0,173,[np.float64(0.07666666666666666)],[np.float64(0.14333333333333334)],[1],[0],[0],[1.4033352080004988],['target'],173,0,173,0,274.1033261669945,,10,274.09441108300234,274.1033261669945,274.1033261669945,0.06303175000357442,275.49780033298885,[np.float64(0.07666666666666666)],[np.float64(0.14333333333333334)],[1],[0],[0],[1.4033352080004988],['target'],2,001,2025-09-30_16h28.55.345,Visual Search Experiment,,2025.1.1,None,2025-09-30 16h29.05.525764 +0530,
174,0,174,[np.float64(0.1711111111111111)],[np.float64(-0.10555555555555556)],[1],[0],[0],[1.773213416992803],[None],174,0,174,0,275.6840037499933,,10,275.67417483299505,275.6840037499933,275.6840037499933,0.17621125000005122,277.4474412080017,[np.float64(0.1711111111111111)],[np.float64(-0.10555555555555556)],[1],[0],[0],[1.773213416992803],[None],2,001,2025-09-30_16h28.55.345,Visual Search Experiment,,2025.1.1,None,2025-09-30 16h29.05.525764 +0530,
175,0,175,[np.float64(0.30444444444444446)],[np.float64(-0.07777777777777778)],[1],[0],[0],[1.2257544580061221],['target'],175,0,175,0,277.51394416698895,,10,277.50494829200034,277.51394416698895,277.51394416698895,0.05734133299847599,278.7307593329897,[np.float64(0.30444444444444446)],[np.float64(-0.07777777777777778)],[1],[0],[0],[1.2257544580061221],['target'],2,001,2025-09-30_16h28.55.345,Visual Search Experiment,,2025.1.1,None,2025-09-30 16h29.05.525764 +0530,
176,0,176,[np.float64(-0.3022222222222222)],[np.float64(0.47555555555555556)],[1],[0],[0],[1.895254125003703],['target'],176,0,176,0,278.76823175000027,,5,278.7616720829974,278.76823175000027,278.76823175000027,0.030746165997697972,280.65698766699643,[np.float64(-0.3022222222222222)],[np.float64(0.47555555555555556)],[1],[0],[0],[1.895254125003703],['target'],2,001,2025-09-30_16h28.55.345,Visual Search Experiment,,2025.1.1,None,2025-09-30 16h29.05.525764 +0530,
177,0,177,[np.float64(0.03666666666666667)],[np.float64(0.4477777777777778)],[1],[0],[0],[0.7467065410019131],['target'],177,0,177,0,280.69196224999905,,5,280.6853555419948,280.69196224999905,280.69196224999905,0.028259416998480447,281.43213583299075,[np.float64(0.03666666666666667)],[np.float64(0.4477777777777778)],[1],[0],[0],[0.7467065410019131],['target'],2,001,2025-09-30_16h28.55.345,Visual Search Experiment,,2025.1.1,None,2025-09-30 16h29.05.525764 +0530,
178,0,178,[np.float64(-0.38222222222222224)],[np.float64(-0.2877777777777778)],[1],[0],[0],[2.6065751669957535],['target'],178,0,178,0,281.49944216699805,,10,281.49063616700005,281.49944216699805,281.49944216699805,0.0583302500017453,284.09726737499295,[np.float64(-0.38222222222222224)],[np.float64(-0.2877777777777778)],[1],[0],[0],[2.6065751669957535],['target'],2,001,2025-09-30_16h28.55.345,Visual Search Experiment,,2025.1.1,None,2025-09-30 16h29.05.525764 +0530,
179,0,179,[np.float64(-0.10222222222222223)],[np.float64(-0.2311111111111111)],[1],[0],[0],[1.5377735000074608],['target'],179,0,179,0,284.133770542001,,5,284.12746770799276,284.133770542001,284.133770542001,0.030034334005904384,285.6653188749915,[np.float64(-0.10222222222222223)],[np.float64(-0.2311111111111111)],[1],[0],[0],[1.5377735000074608],['target'],2,001,2025-09-30_16h28.55.345,Visual Search Experiment,,2025.1.1,None,2025-09-30 16h29.05.525764 +0530,
180,0,180,[np.float64(0.051111111111111114)],[np.float64(-0.21888888888888888)],[1],[0],[0],[1.3148504169948865],['target'],180,0,180,0,285.7056301669945,,5,285.69929383299313,285.7056301669945,285.7056301669945,0.033793000009609386,287.01421187499363,[np.float64(0.051111111111111114)],[np.float64(-0.21888888888888888)],[1],[0],[0],[1.3148504169948865],['target'],2,001,2025-09-30_16h28.55.345,Visual Search Experiment,,2025.1.1,None,2025-09-30 16h29.05.525764 +0530,
181,0,181,[np.float64(-0.18888888888888888)],[np.float64(-0.017777777777777778)],[1],[0],[0],[3.219894707988715],['target'],181,0,181,0,287.0849332919897,,10,287.0757839579892,287.0849332919897,287.0849332919897,0.06140616700577084,290.29574116699223,[np.float64(-0.18888888888888888)],[np.float64(-0.017777777777777778)],[1],[0],[0],[3.219894707988715],['target'],2,001,2025-09-30_16h28.55.345,Visual Search Experiment,,2025.1.1,None,2025-09-30 16h29.05.525764 +0530,
182,0,182,[np.float64(-0.20666666666666667)],[np.float64(-0.30777777777777776)],[1],[0],[0],[2.2020195410004817],[None],182,0,182,0,290.3337671670015,,5,290.32727187499404,290.3337671670015,290.3337671670015,0.03135720899445005,292.52936879199115,[np.float64(-0.20666666666666667)],[np.float64(-0.30777777777777776)],[1],[0],[0],[2.2020195410004817],[None],2,001,2025-09-30_16h28.55.345,Visual Search Experiment,,2025.1.1,None,2025-09-30 16h29.05.525764 +0530,
183,0,183,[np.float64(-0.5011111111111111)],[np.float64(0.4211111111111111)],[1],[0],[0],[1.7763913329981733],['target'],183,0,183,0,292.59651320800185,,10,292.587417207993,292.59651320800185,292.59651320800185,0.05786695799906738,294.36386699999275,[np.float64(-0.5011111111111111)],[np.float64(0.4211111111111111)],[1],[0],[0],[1.7763913329981733],['target'],2,001,2025-09-30_16h28.55.345,Visual Search Experiment,,2025.1.1,None,2025-09-30 16h29.05.525764 +0530,
184,0,184,[np.float64(0.37)],[np.float64(-0.03111111111111111)],[1],[0],[0],[1.2367612090019975],[None],184,0,184,0,294.4001479169965,,5,294.3936734579911,294.4001479169965,294.4001479169965,0.029641457993420772,295.6305063329928,[np.float64(0.37)],[np.float64(-0.03111111111111111)],[1],[0],[0],[1.2367612090019975],[None],2,001,2025-09-30_16h28.55.345,Visual Search Experiment,,2025.1.1,None,2025-09-30 16h29.05.525764 +0530,
185,0,185,[np.float64(-0.017777777777777778)],[np.float64(-0.33666666666666667)],[1],[0],[0],[1.4004159580072155],[None],185,0,185,0,295.6725047919899,,5,295.6659232079983,295.6725047919899,295.6725047919899,0.035245416991529055,297.06644833298924,[np.float64(-0.017777777777777778)],[np.float64(-0.33666666666666667)],[1],[0],[0],[1.4004159580072155],[None],2,001,2025-09-30_16h28.55.345,Visual Search Experiment,,2025.1.1,None,2025-09-30 16h29.05.525764 +0530,
186,0,186,[np.float64(-0.38555555555555554)],[np.float64(-0.4388888888888889)],[1],[0],[0],[1.3620989159971941],['target'],186,0,186,0,297.1097289999889,,5,297.1033972079895,297.1097289999889,297.1097289999889,0.03664750000461936,298.46560333299567,[np.float64(-0.38555555555555554)],[np.float64(-0.4388888888888889)],[1],[0],[0],[1.3620989159971941],['target'],2,001,2025-09-30_16h28.55.345,Visual Search Experiment,,2025.1.1,None,2025-09-30 16h29.05.525764 +0530,
187,0,187,[np.float64(0.21)],[np.float64(-0.06333333333333334)],[1],[0],[0],[1.264917833992513],['target'],187,0,187,0,298.50793383299606,,5,298.50057916699734,298.50793383299606,298.50793383299606,0.034750666993204504,299.7655768330005,[np.float64(0.21)],[np.float64(-0.06333333333333334)],[1],[0],[0],[1.264917833992513],['target'],2,001,2025-09-30_16h28.55.345,Visual Search Experiment,,2025.1.1,None,2025-09-30 16h29.05.525764 +0530,
188,0,188,[np.float64(0.1411111111111111)],[np.float64(-0.35)],[1],[0],[0],[1.6110552089958219],['target'],188,0,188,0,299.80864483299956,,5,299.8022729999939,299.80864483299956,299.80864483299956,0.036512417005724274,301.4133835419925,[np.float64(0.1411111111111111)],[np.float64(-0.35)],[1],[0],[0],[1.6110552089958219],['target'],2,001,2025-09-30_16h28.55.345,Visual Search Experiment,,2025.1.1,None,2025-09-30 16h29.05.525764 +0530,
189,0,189,[np.float64(0.47)],[np.float64(0.35777777777777775)],[1],[0],[0],[1.6270473330077948],['target'],189,0,189,0,301.4792334169906,,10,301.4700777919934,301.4792334169906,301.4792334169906,0.056558374999440275,303.0971825829911,[np.float64(0.47)],[np.float64(0.35777777777777775)],[1],[0],[0],[1.6270473330077948],['target'],2,001,2025-09-30_16h28.55.345,Visual Search Experiment,,2025.1.1,None,2025-09-30 16h29.05.525764 +0530,
190,0,190,[np.float64(0.4)],[np.float64(-0.27666666666666667)],[1],[0],[0],[1.5851833749911748],['target'],190,0,190,0,303.1339519999892,,5,303.12750249999226,303.1339519999892,303.1339519999892,0.030156957989674993,304.71275762499135,[np.float64(0.4)],[np.float64(-0.27666666666666667)],[1],[0],[0],[1.5851833749911748],['target'],2,001,2025-09-30_16h28.55.345,Visual Search Experiment,,2025.1.1,None,2025-09-30 16h29.05.525764 +0530,
191,0,191,[np.float64(0.09111111111111111)],[np.float64(0.47333333333333333)],[1],[0],[0],[1.3418117499968503],['target'],191,0,191,0,304.7899036669987,,10,304.7802473329939,304.7899036669987,304.7899036669987,0.06737012500525452,306.12215308299346,[np.float64(0.09111111111111111)],[np.float64(0.47333333333333333)],[1],[0],[0],[1.3418117499968503],['target'],2,001,2025-09-30_16h28.55.345,Visual Search Experiment,,2025.1.1,None,2025-09-30 16h29.05.525764 +0530,
192,0,192,[np.float64(0.006666666666666667)],[np.float64(0.4177777777777778)],[1],[0],[0],[1.044132625000202],['target'],192,0,192,0,306.16125629199087,,5,306.1546907919983,306.16125629199087,306.16125629199087,0.03238845799933188,307.1989037500025,[np.float64(0.006666666666666667)],[np.float64(0.4177777777777778)],[1],[0],[0],[1.044132625000202],['target'],2,001,2025-09-30_16h28.55.345,Visual Search Experiment,,2025.1.1,None,2025-09-30 16h29.05.525764 +0530,
193,0,193,[np.float64(-0.011111111111111112)],[np.float64(-0.3388888888888889)],[1],[0],[0],[1.8402457909978693],[None],193,0,193,0,307.26612054200086,,10,307.2568922079954,307.26612054200086,307.26612054200086,0.05780129099730402,309.0971942499891,[np.float64(-0.011111111111111112)],[np.float64(-0.3388888888888889)],[1],[0],[0],[1.8402457909978693],[None],2,001,2025-09-30_16h28.55.345,Visual Search Experiment,,2025.1.1,None,2025-09-30 16h29.05.525764 +0530,
194,0,194,[np.float64(-0.27)],[np.float64(-0.4688888888888889)],[1],[0],[0],[2.0098885420011356],['target'],194,0,194,0,309.1639132499986,,10,309.1547622079961,309.1639132499986,309.1639132499986,0.05740054200578015,311.1647280420002,[np.float64(-0.27)],[np.float64(-0.4688888888888889)],[1],[0],[0],[2.0098885420011356],['target'],2,001,2025-09-30_16h28.55.345,Visual Search Experiment,,2025.1.1,None,2025-09-30 16h29.05.525764 +0530,
195,0,195,[np.float64(-0.45666666666666667)],[np.float64(0.38222222222222224)],[1],[0],[0],[1.283706208007061],['target'],195,0,195,0,311.2037786669971,,5,311.19757620799646,311.2037786669971,311.2037786669971,0.03259770799195394,312.48135587498837,[np.float64(-0.45666666666666667)],[np.float64(0.38222222222222224)],[1],[0],[0],[1.283706208007061],['target'],2,001,2025-09-30_16h28.55.345,Visual Search Experiment,,2025.1.1,None,2025-09-30 16h29.05.525764 +0530,
196,0,196,[np.float64(0.2966666666666667)],[np.float64(0.37666666666666665)],[1],[0],[0],[1.3468302499968559],[None],196,0,196,0,312.5248347500019,,5,312.51806420799403,312.5248347500019,312.5248347500019,0.03652708401205018,313.8649741669942,[np.float64(0.2966666666666667)],[np.float64(0.37666666666666665)],[1],[0],[0],[1.3468302499968559],[None],2,001,2025-09-30_16h28.55.345,Visual Search Experiment,,2025.1.1,None,2025-09-30 16h29.05.525764 +0530,
197,0,197,[np.float64(-0.37444444444444447)],[np.float64(0.3933333333333333)],[1],[0],[0],[1.0901137499895412],['target'],197,0,197,0,313.93309983299696,,10,313.92417095799465,313.93309983299696,313.93309983299696,0.05902174999937415,315.0143376670021,[np.float64(-0.37444444444444447)],[np.float64(0.3933333333333333)],[1],[0],[0],[1.0901137499895412],['target'],2,001,2025-09-30_16h28.55.345,Visual Search Experiment,,2025.1.1,None,2025-09-30 16h29.05.525764 +0530,
198,0,198,[np.float64(0.15333333333333332)],[np.float64(-0.48333333333333334)],[1],[0],[0],[2.0524399590067333],['target'],198,0,198,0,315.0513223750022,,5,315.0451276249951,315.0513223750022,315.0513223750022,0.030595874995924532,317.09763854199264,[np.float64(0.15333333333333332)],[np.float64(-0.48333333333333334)],[1],[0],[0],[2.0524399590067333],['target'],2,001,2025-09-30_16h28.55.345,Visual Search Experiment,,2025.1.1,None,2025-09-30 16h29.05.525764 +0530,
199,0,199,[np.float64(-0.14666666666666667)],[np.float64(-0.2)],[1],[0],[0],[1.7991125420085154],['target'],199,0,199,0,317.13724195800023,,5,317.13103616698936,317.13724195800023,317.13724195800023,0.03322766699420754,318.9302238329983,[np.float64(-0.14666666666666667)],[np.float64(-0.2)],[1],[0],[0],[1.7991125420085154],['target'],2,001,2025-09-30_16h28.55.345,Visual Search Experiment,,2025.1.1,None,2025-09-30 16h29.05.525764 +0530,
