study_word,thisN,thisTrialN,thisRepN,studyslider.response,studyslider.rt,test_words,textbox.text,testmouse.x,testmouse.y,testmouse.leftButton,testmouse.midButton,testmouse.rightButton,testmouse.time,testmouse.clicked_name,trials.thisRepN,trials.thisTrialN,trials.thisN,trials.thisIndex,trials_2.thisRepN,trials_2.thisTrialN,trials_2.thisN,trials_2.thisIndex,thisRow.t,notes,trial.started,studytext.started,studyslider.started,trial.stopped,trials.studyslider.response,trials.studyslider.rt,test.started,test_text.started,textbox.started,submit_text.started,testmouse.started,test.stopped,trials_2.textbox.text,trials_2.testmouse.x,trials_2.testmouse.y,trials_2.testmouse.leftButton,trials_2.testmouse.midButton,trials_2.testmouse.rightButton,trials_2.testmouse.time,trials_2.testmouse.clicked_name,participant,session,date,expName,expVersion,psychopyVersion,frameRate,expStart,
pastry,0,0,0,1.145,1.2704366249963641,,,,,,,,,,0,0,0,9,,,,,0.07573354101623408,,0.04439675001776777,0.07573354101623408,0.07573354101623408,1.3235812080092728,1.145,1.2704366249963641,,,,,,,,,,,,,,,3,001,2025-10-16_21h54.49.528,Word Priming ,,2025.1.1,None,2025-10-16 21h54.59.723457 +0530,
phone,1,1,0,1.11,1.554863249999471,,,,,,,,,,0,1,1,2,,,,,1.3334774580143858,,1.3276563750114292,1.3334774580143858,1.3334774580143858,2.8900472079985775,1.11,1.554863249999471,,,,,,,,,,,,,,,3,001,2025-10-16_21h54.49.528,Word Priming ,,2025.1.1,None,2025-10-16 21h54.59.723457 +0530,
laptop,2,2,0,1.11,1.2231127499835566,,,,,,,,,,0,2,2,5,,,,,2.897751041018637,,2.8921455000236165,2.897751041018637,2.897751041018637,4.123678625008324,1.11,1.2231127499835566,,,,,,,,,,,,,,,3,001,2025-10-16_21h54.49.528,Word Priming ,,2025.1.1,None,2025-10-16 21h54.59.723457 +0530,
keys,3,3,0,1.11,1.1223445840005297,,,,,,,,,,0,3,3,13,,,,,4.131760333024431,,4.125916250020964,4.131760333024431,4.131760333024431,5.256778250011848,1.11,1.1223445840005297,,,,,,,,,,,,,,,3,001,2025-10-16_21h54.49.528,Word Priming ,,2025.1.1,None,2025-10-16 21h54.59.723457 +0530,
book,4,4,0,1.11,1.2715566660044715,,,,,,,,,,0,4,4,0,,,,,5.264573375025066,,5.25886516601895,5.264573375025066,5.264573375025066,6.54013258300256,1.11,1.2715566660044715,,,,,,,,,,,,,,,3,001,2025-10-16_21h54.49.528,Word Priming ,,2025.1.1,None,2025-10-16 21h54.59.723457 +0530,
poster,5,5,0,1.11,1.3377895420126151,,,,,,,,,,0,5,5,14,,,,,6.547999083006289,,6.542427000007592,6.547999083006289,6.547999083006289,7.890271250013029,1.11,1.3377895420126151,,,,,,,,,,,,,,,3,001,2025-10-16_21h54.49.528,Word Priming ,,2025.1.1,None,2025-10-16 21h54.59.723457 +0530,
cruise,6,6,0,1.935,1.4708944169979077,,,,,,,,,,0,6,6,11,,,,,7.898137708019931,,7.892478875000961,7.898137708019931,7.898137708019931,9.373454583022976,1.935,1.4708944169979077,,,,,,,,,,,,,,,3,001,2025-10-16_21h54.49.528,Word Priming ,,2025.1.1,None,2025-10-16 21h54.59.723457 +0530,
mouse,7,7,0,1.935,1.5896761670010164,,,,,,,,,,0,7,7,8,,,,,9.381733500020346,,9.375560208020033,9.381733500020346,9.381733500020346,10.973779332998674,1.935,1.5896761670010164,,,,,,,,,,,,,,,3,001,2025-10-16_21h54.49.528,Word Priming ,,2025.1.1,None,2025-10-16 21h54.59.723457 +0530,
police,8,8,0,1,1.1385185830004048,,,,,,,,,,0,8,8,12,,,,,10.983153208013391,,10.97608787502395,10.983153208013391,10.983153208013391,12.12349012499908,1,1.1385185830004048,,,,,,,,,,,,,,,3,001,2025-10-16_21h54.49.528,Word Priming ,,2025.1.1,None,2025-10-16 21h54.59.723457 +0530,
marble,9,9,0,1,1.0389306250144728,,,,,,,,,,0,9,9,3,,,,,12.131057582999347,,12.125608833011938,12.131057582999347,12.131057582999347,13.173452750022989,1,1.0389306250144728,,,,,,,,,,,,,,,3,001,2025-10-16_21h54.49.528,Word Priming ,,2025.1.1,None,2025-10-16 21h54.59.723457 +0530,
tshirt,10,10,0,1,0.9053258339990862,,,,,,,,,,0,10,10,7,,,,,13.181650500016985,,13.1761203330243,13.181650500016985,13.181650500016985,14.090140958025586,1,0.9053258339990862,,,,,,,,,,,,,,,3,001,2025-10-16_21h54.49.528,Word Priming ,,2025.1.1,None,2025-10-16 21h54.59.723457 +0530,
case,11,11,0,1,0.8886809580144472,,,,,,,,,,0,11,11,10,,,,,14.097634958015988,,14.092020875017624,14.097634958015988,14.097634958015988,14.99022387500736,1,0.8886809580144472,,,,,,,,,,,,,,,3,001,2025-10-16_21h54.49.528,Word Priming ,,2025.1.1,None,2025-10-16 21h54.59.723457 +0530,
board,12,12,0,1,0.821119957981864,,,,,,,,,,0,12,12,4,,,,,14.999800791003508,,14.993973916018149,14.999800791003508,14.999800791003508,15.823484375025146,1,0.821119957981864,,,,,,,,,,,,,,,3,001,2025-10-16_21h54.49.528,Word Priming ,,2025.1.1,None,2025-10-16 21h54.59.723457 +0530,
chart,13,13,0,1,0.82199108300847,,,,,,,,,,0,13,13,6,,,,,15.831291250011418,,15.82567691602162,15.831291250011418,15.831291250011418,16.656935375009198,1,0.82199108300847,,,,,,,,,,,,,,,3,001,2025-10-16_21h54.49.528,Word Priming ,,2025.1.1,None,2025-10-16 21h54.59.723457 +0530,
cushion,14,14,0,1,0.8721973749925382,,,,,,,,,,0,14,14,1,,,,,16.66485958301928,,16.65926033302094,16.66485958301928,16.66485958301928,17.540073125011986,1,0.8721973749925382,,,,,,,,,,,,,,,3,001,2025-10-16_21h54.49.528,Word Priming ,,2025.1.1,None,2025-10-16 21h54.59.723457 +0530,
,0,0,0,,,_a_bl_,marble,"[np.float64(-0.50125), np.float64(0.0975)]","[np.float64(-0.295), np.float64(-0.22875)]","[1, 1]","[0, 0]","[0, 0]","[6.129625458008377, 7.0764217500109226]","[None, 'submit_text']",,,,,0,0,0,11,17.5635266660247,,,,,,,,17.553167375008343,17.5635266660247,17.5635266660247,17.5635266660247,0.013139417016645893,24.630040000018198,marble,"[np.float64(-0.50125), np.float64(0.0975)]","[np.float64(-0.295), np.float64(-0.22875)]","[1, 1]","[0, 0]","[0, 0]","[6.129625458008377, 7.0764217500109226]","[None, 'submit_text']",3,001,2025-10-16_21h54.49.528,Word Priming ,,2025.1.1,None,2025-10-16 21h54.59.723457 +0530,
,1,1,0,,,_ha_t,chart,[np.float64(0.0975)],[np.float64(-0.22875)],[1],[0],[0],[1.564558334008325],['submit_text'],,,,,0,1,1,1,24.640794833016116,,,,,,,,24.633212208020268,24.640794833016116,24.640794833016116,24.640794833016116,0.00287837500218302,26.197957333002705,chart,[np.float64(0.0975)],[np.float64(-0.22875)],[1],[0],[0],[1.564558334008325],['submit_text'],3,001,2025-10-16_21h54.49.528,Word Priming ,,2025.1.1,None,2025-10-16 21h54.59.723457 +0530,
,2,2,0,,,t_hi_t,tshirt,[np.float64(0.0975)],[np.float64(-0.22875)],[1],[0],[0],[1.7819493749993853],['submit_text'],,,,,0,2,2,2,26.206502957997145,,,,,,,,26.199808375007706,26.206502957997145,26.206502957997145,26.206502957997145,0.0017657499993219972,27.981931875023292,tshirt,[np.float64(0.0975)],[np.float64(-0.22875)],[1],[0],[0],[1.7819493749993853],['submit_text'],3,001,2025-10-16_21h54.49.528,Word Priming ,,2025.1.1,None,2025-10-16 21h54.59.723457 +0530,
,3,3,0,,,_ho_e,shore,[np.float64(0.0975)],[np.float64(-0.22875)],[1],[0],[0],[2.9318952499888837],['submit_text'],,,,,0,3,3,12,28.007247083005495,,,,,,,,27.983747375023086,28.007247083005495,28.007247083005495,28.007247083005495,0.0017262090113945305,30.91582350002136,shore,[np.float64(0.0975)],[np.float64(-0.22875)],[1],[0],[0],[2.9318952499888837],['submit_text'],3,001,2025-10-16_21h54.49.528,Word Priming ,,2025.1.1,None,2025-10-16 21h54.59.723457 +0530,
,4,4,0,,,_ou_e,mouse,[np.float64(0.0975)],[np.float64(-0.22875)],[1],[0],[0],[1.697417083021719],['submit_text'],,,,,0,4,4,3,30.930712000001222,,,,,,,,30.91773329101852,30.930712000001222,30.930712000001222,30.930712000001222,0.0018069999932777137,32.6153308750072,mouse,[np.float64(0.0975)],[np.float64(-0.22875)],[1],[0],[0],[1.697417083021719],['submit_text'],3,001,2025-10-16_21h54.49.528,Word Priming ,,2025.1.1,None,2025-10-16 21h54.59.723457 +0530,
,5,5,0,,,_ru_is_,cruise,[np.float64(0.0975)],[np.float64(-0.22875)],[1],[0],[0],[1.61393408299773],['submit_text'],,,,,0,5,5,6,32.64068137502181,,,,,,,,32.617349208012456,32.64068137502181,32.64068137502181,32.64068137502181,0.0019294169906061143,34.231471875013085,cruise,[np.float64(0.0975)],[np.float64(-0.22875)],[1],[0],[0],[1.61393408299773],['submit_text'],3,001,2025-10-16_21h54.49.528,Word Priming ,,2025.1.1,None,2025-10-16 21h54.59.723457 +0530,
,6,6,0,,,c_m_ra,camera,[np.float64(0.0975)],[np.float64(-0.22875)],[1],[0],[0],[1.62999958297587],['submit_text'],,,,,0,6,6,19,34.244947958010016,,,,,,,,34.234790083020926,34.244947958010016,34.244947958010016,34.244947958010016,0.003078334004385397,35.864999458019156,camera,[np.float64(0.0975)],[np.float64(-0.22875)],[1],[0],[0],[1.62999958297587],['submit_text'],3,001,2025-10-16_21h54.49.528,Word Priming ,,2025.1.1,None,2025-10-16 21h54.59.723457 +0530,
,7,7,0,,,c_s_,case,[np.float64(0.0975)],[np.float64(-0.22875)],[1],[0],[0],[1.7484178329759743],['submit_text'],,,,,0,7,7,5,35.89086133299861,,,,,,,,35.86692320799921,35.89086133299861,35.89086133299861,35.89086133299861,0.0018241250072605908,37.61553525002091,case,[np.float64(0.0975)],[np.float64(-0.22875)],[1],[0],[0],[1.7484178329759743],['submit_text'],3,001,2025-10-16_21h54.49.528,Word Priming ,,2025.1.1,None,2025-10-16 21h54.59.723457 +0530,
,8,8,0,,,p_as_tr,pastry,[np.float64(0.0975)],[np.float64(-0.22875)],[1],[0],[0],[2.214062874991214],['submit_text'],,,,,0,8,8,4,37.63056779099861,,,,,,,,37.61770741600776,37.63056779099861,37.63056779099861,37.63056779099861,0.0020855409966316074,39.83196599999792,pastry,[np.float64(0.0975)],[np.float64(-0.22875)],[1],[0],[0],[2.214062874991214],['submit_text'],3,001,2025-10-16_21h54.49.528,Word Priming ,,2025.1.1,None,2025-10-16 21h54.59.723457 +0530,
,9,9,0,,,l_apt_p,laptop,[np.float64(0.0975)],[np.float64(-0.22875)],[1],[0],[0],[4.930582959001185],['submit_text'],,,,,0,9,9,0,39.847849541023606,,,,,,,,39.83538854101789,39.847849541023606,39.847849541023606,39.847849541023606,0.0031906669901218265,44.76618891602266,laptop,[np.float64(0.0975)],[np.float64(-0.22875)],[1],[0],[0],[4.930582959001185],['submit_text'],3,001,2025-10-16_21h54.49.528,Word Priming ,,2025.1.1,None,2025-10-16 21h54.59.723457 +0530,
,10,10,0,,,ta_l_,table,[np.float64(0.0975)],[np.float64(-0.22875)],[1],[0],[0],[2.699267207994126],['submit_text'],,,,,0,10,10,15,44.78930800000671,,,,,,,,44.78186083299806,44.78930800000671,44.78930800000671,44.78930800000671,0.015147166996030137,47.48147354100365,table,[np.float64(0.0975)],[np.float64(-0.22875)],[1],[0],[0],[2.699267207994126],['submit_text'],3,001,2025-10-16_21h54.49.528,Word Priming ,,2025.1.1,None,2025-10-16 21h54.59.723457 +0530,
,11,11,0,,,p_li_e,police,[np.float64(0.0975)],[np.float64(-0.22875)],[1],[0],[0],[5.565077499981271],['submit_text'],,,,,0,11,11,7,47.507375208020676,,,,,,,,47.483523916016566,47.507375208020676,47.507375208020676,47.507375208020676,0.0019524170202203095,53.048808207997354,police,[np.float64(0.0975)],[np.float64(-0.22875)],[1],[0],[0],[5.565077499981271],['submit_text'],3,001,2025-10-16_21h54.49.528,Word Priming ,,2025.1.1,None,2025-10-16 21h54.59.723457 +0530,
,12,12,0,,,c_s_io_,cushion,[np.float64(0.0975)],[np.float64(-0.22875)],[1],[0],[0],[2.0640119170129765],['submit_text'],,,,,0,12,12,14,53.063110666000284,,,,,,,,53.05107283301186,53.063110666000284,53.063110666000284,53.063110666000284,0.00212433299748227,55.11529079100001,cushion,[np.float64(0.0975)],[np.float64(-0.22875)],[1],[0],[0],[2.0640119170129765],['submit_text'],3,001,2025-10-16_21h54.49.528,Word Priming ,,2025.1.1,None,2025-10-16 21h54.59.723457 +0530,
,13,13,0,,,v_s_,vase,[np.float64(0.0975)],[np.float64(-0.22875)],[1],[0],[0],[1.8611097919929307],['submit_text'],,,,,0,13,13,17,55.13092100000358,,,,,,,,55.120372416015016,55.13092100000358,55.13092100000358,55.13092100000358,0.0049975830188486725,56.98171566601377,vase,[np.float64(0.0975)],[np.float64(-0.22875)],[1],[0],[0],[1.8611097919929307],['submit_text'],3,001,2025-10-16_21h54.49.528,Word Priming ,,2025.1.1,None,2025-10-16 21h54.59.723457 +0530,
,14,14,0,,,p_nc_l,pencil,[np.float64(0.0975)],[np.float64(-0.22875)],[1],[0],[0],[1.881854708015453],['submit_text'],,,,,0,14,14,16,57.00726629100973,,,,,,,,56.983715625014156,57.00726629100973,57.00726629100973,57.00726629100973,0.0019070830021519214,58.86578754099901,pencil,[np.float64(0.0975)],[np.float64(-0.22875)],[1],[0],[0],[1.881854708015453],['submit_text'],3,001,2025-10-16_21h54.49.528,Word Priming ,,2025.1.1,None,2025-10-16 21h54.59.723457 +0530,
,15,15,0,,,bo_t_e,bottle,[np.float64(0.0975)],[np.float64(-0.22875)],[1],[0],[0],[1.597913667006651],['submit_text'],,,,,0,15,15,18,58.881210666004336,,,,,,,,58.86767575002159,58.881210666004336,58.881210666004336,58.881210666004336,0.00180508301127702,60.46586862500408,bottle,[np.float64(0.0975)],[np.float64(-0.22875)],[1],[0],[0],[1.597913667006651],['submit_text'],3,001,2025-10-16_21h54.49.528,Word Priming ,,2025.1.1,None,2025-10-16 21h54.59.723457 +0530,
,16,16,0,,,k_y_,keys,[np.float64(0.0975)],[np.float64(-0.22875)],[1],[0],[0],[3.862116041011177],['submit_text'],,,,,0,16,16,8,60.48015241601388,,,,,,,,60.46920245801448,60.48015241601388,60.48015241601388,60.48015241601388,0.003150374977849424,64.33156962500652,keys,[np.float64(0.0975)],[np.float64(-0.22875)],[1],[0],[0],[3.862116041011177],['submit_text'],3,001,2025-10-16_21h54.49.528,Word Priming ,,2025.1.1,None,2025-10-16 21h54.59.723457 +0530,
,17,17,0,,,p_st_r,pastry,[np.float64(0.0975)],[np.float64(-0.22875)],[1],[0],[0],[5.764650207973318],['submit_text'],,,,,0,17,17,9,64.34652700001607,,,,,,,,64.33457970802556,64.34652700001607,64.34652700001607,64.34652700001607,0.002908416005084291,70.09952141600661,pastry,[np.float64(0.0975)],[np.float64(-0.22875)],[1],[0],[0],[5.764650207973318],['submit_text'],3,001,2025-10-16_21h54.49.528,Word Priming ,,2025.1.1,None,2025-10-16 21h54.59.723457 +0530,
,18,18,0,,,_oo_,book,[np.float64(0.0975)],[np.float64(-0.22875)],[1],[0],[0],[1.7239715830073692],['submit_text'],,,,,0,18,18,13,70.11472337500891,,,,,,,,70.10761562502012,70.11472337500891,70.11472337500891,70.11472337500891,0.007286082982318476,71.83182679102174,book,[np.float64(0.0975)],[np.float64(-0.22875)],[1],[0],[0],[1.7239715830073692],['submit_text'],3,001,2025-10-16_21h54.49.528,Word Priming ,,2025.1.1,None,2025-10-16 21h54.59.723457 +0530,
,19,19,0,,,_o_rd,board,[np.float64(0.0975)],[np.float64(-0.22875)],[1],[0],[0],[4.91538533300627],['submit_text'],,,,,0,19,19,10,71.8568734160217,,,,,,,,71.83378579100827,71.8568734160217,71.8568734160217,71.8568734160217,0.0018732500029727817,76.74940587501624,board,[np.float64(0.0975)],[np.float64(-0.22875)],[1],[0],[0],[4.91538533300627],['submit_text'],3,001,2025-10-16_21h54.49.528,Word Priming ,,2025.1.1,None,2025-10-16 21h54.59.723457 +0530,
