word,color,stim_condition,correct_res,thisN,thisTrialN,thisRepN,key_resp.keys,key_resp.corr,key_resp.rt,key_resp.duration,trials.thisRepN,trials.thisTrialN,trials.thisN,trials.thisIndex,thisRow.t,notes,ins.started,text_2.started,ins.stopped,trial.started,fixation.started,fixation.stopped,text.started,key_resp.started,text.stopped,trial.stopped,trials.key_resp.keys,trials.key_resp.corr,trials.key_resp.rt,trials.key_resp.duration,ty.started,text_3.started,text_3.stopped,ty.stopped,participant,session,date,expName,expVersion,psychopyVersion,frameRate,expStart,
,,,,,,,,,,,,,,,,,0.03481958305928856,0.051158874994143844,1.006772458087653,,,,,,,,,,,,,,,,5,"001",2025-08-25_22h23.24.539,stroop_task,,2025.2.0,None,2025-08-25 22h23.24.684069 +0530,
RED,blue,I,b,0,0,0,b,1,4.869979083072394,None,0,0,0,1,1.052442125044763,,,,,1.039267500047572,1.052442125044763,1.5065993330208585,1.5065993330208585,1.5065993330208585,5.995527666062117,6.730628082994372,b,1,4.869979083072394,None,,,,,5,"001",2025-08-25_22h23.24.539,stroop_task,,2025.2.0,None,2025-08-25 22h23.24.684069 +0530,
RED,red,C,r,1,1,0,r,1,4.393283332930878,None,0,1,1,0,6.73636395810172,,,,,6.731153666041791,6.73636395810172,7.231120208045468,7.231120208045468,7.231120208045468,,11.63174516602885,r,1,4.393283332930878,None,,,,,5,"001",2025-08-25_22h23.24.539,stroop_task,,2025.2.0,None,2025-08-25 22h23.24.684069 +0530,
BLUE,red,I,r,2,2,0,r,1,1.2488262080587447,None,0,2,2,2,11.733719000010751,,,,,11.646050958079286,11.733719000010751,12.129464625031687,12.129464625031687,12.129464625031687,,13.3802439160645,r,1,1.2488262080587447,None,,,,,5,"001",2025-08-25_22h23.24.539,stroop_task,,2025.2.0,None,2025-08-25 22h23.24.684069 +0530,
BLUE,blue,C,b,3,3,0,b,1,4.133329499978572,None,0,3,3,3,13.410939833032899,,,,,13.381499250070192,13.410939833032899,13.87889187503606,13.87889187503606,13.87889187503606,,18.014009041013196,b,1,4.133329499978572,None,,,,,5,"001",2025-08-25_22h23.24.539,stroop_task,,2025.2.0,None,2025-08-25 22h23.24.684069 +0530,
RED,blue,I,b,4,0,1,r,0,0.7192778330063447,None,1,0,4,1,18.02843433304224,,,,,18.01916333299596,18.02843433304224,18.5149352500448,18.5149352500448,18.5149352500448,,19.242470291093923,r,0,0.7192778330063447,None,,,,,5,"001",2025-08-25_22h23.24.539,stroop_task,,2025.2.0,None,2025-08-25 22h23.24.684069 +0530,
RED,red,C,r,5,1,1,r,1,0.7544238329865038,None,1,1,5,0,19.25533445808105,,,,,19.243277583038434,19.25533445808105,19.73975850001443,19.73975850001443,19.73975850001443,,20.49684833304491,r,1,0.7544238329865038,None,,,,,5,"001",2025-08-25_22h23.24.539,stroop_task,,2025.2.0,None,2025-08-25 22h23.24.684069 +0530,
BLUE,blue,C,b,6,2,1,b,1,0.5698596660513431,None,1,2,6,3,20.511768333031796,,,,,20.50166720803827,20.511768333031796,21.005204916000366,21.005204916000366,21.005204916000366,,21.580499958014116,b,1,0.5698596660513431,None,,,,,5,"001",2025-08-25_22h23.24.539,stroop_task,,2025.2.0,None,2025-08-25 22h23.24.684069 +0530,
BLUE,red,I,r,7,3,1,r,1,0.7928288739640266,None,1,3,7,2,21.592514333082363,,,,,21.58146045799367,21.592514333082363,22.090223250095733,22.090223250095733,22.090223250095733,,22.892903833067976,r,1,0.7928288739640266,None,,,,,5,"001",2025-08-25_22h23.24.539,stroop_task,,2025.2.0,None,2025-08-25 22h23.24.684069 +0530,
BLUE,blue,C,b,8,0,2,b,1,0.6724652079865336,None,2,0,8,3,22.905805208021775,,,,,22.894325541099533,22.905805208021775,23.3894874160178,23.3894874160178,23.3894874160178,,24.075172958080657,b,1,0.6724652079865336,None,,,,,5,"001",2025-08-25_22h23.24.539,stroop_task,,2025.2.0,None,2025-08-25 22h23.24.684069 +0530,
RED,blue,I,b,9,1,2,b,1,0.8684483750257641,None,2,1,9,1,24.0907855409896,,,,,24.08049570803996,24.0907855409896,24.573582165990956,24.573582165990956,24.573582165990956,,25.446914666099474,b,1,0.8684483750257641,None,,,,,5,"001",2025-08-25_22h23.24.539,stroop_task,,2025.2.0,None,2025-08-25 22h23.24.684069 +0530,
BLUE,red,I,r,10,2,2,r,1,0.6958866249769926,None,2,2,10,2,25.462657708092593,,,,,25.45236737502273,25.462657708092593,25.97012200008612,25.97012200008612,25.97012200008612,,26.675375208025798,r,1,0.6958866249769926,None,,,,,5,"001",2025-08-25_22h23.24.539,stroop_task,,2025.2.0,None,2025-08-25 22h23.24.684069 +0530,
RED,red,C,r,11,3,2,r,1,0.4617945409845561,None,2,3,11,0,26.6932114160154,,,,,26.68016237509437,26.6932114160154,27.173078791005537,27.173078791005537,27.173078791005537,,27.641377291060053,r,1,0.4617945409845561,None,,,,,5,"001",2025-08-25_22h23.24.539,stroop_task,,2025.2.0,None,2025-08-25 22h23.24.684069 +0530,
BLUE,blue,C,b,12,0,3,b,1,0.5127259170403704,None,3,0,12,3,27.65399545803666,,,,,27.645468416041695,27.65399545803666,28.129238708061166,28.129238708061166,28.129238708061166,,28.646812708000652,b,1,0.5127259170403704,None,,,,,5,"001",2025-08-25_22h23.24.539,stroop_task,,2025.2.0,None,2025-08-25 22h23.24.684069 +0530,
RED,red,C,r,13,1,3,r,1,0.6834302919451147,None,3,1,13,0,28.6631323749898,,,,,28.651870333007537,28.6631323749898,29.148470833082683,29.148470833082683,29.148470833082683,,29.842252375092357,r,1,0.6834302919451147,None,,,,,5,"001",2025-08-25_22h23.24.539,stroop_task,,2025.2.0,None,2025-08-25 22h23.24.684069 +0530,
BLUE,red,I,r,14,2,3,b,0,0.5245098330779001,None,3,2,14,2,29.858180708019063,,,,,29.847451250068843,29.858180708019063,30.339373500086367,30.339373500086367,30.339373500086367,,30.875659208046272,b,0,0.5245098330779001,None,,,,,5,"001",2025-08-25_22h23.24.539,stroop_task,,2025.2.0,None,2025-08-25 22h23.24.684069 +0530,
RED,blue,I,b,15,3,3,r,0,0.588609499973245,None,3,3,15,1,30.892146166064776,,,,,30.880662915995345,30.892146166064776,31.373166166013107,31.373166166013107,31.373166166013107,,31.963458291022107,r,0,0.588609499973245,None,,,,,5,"001",2025-08-25_22h23.24.539,stroop_task,,2025.2.0,None,2025-08-25 22h23.24.684069 +0530,
BLUE,red,I,r,16,0,4,r,1,1.0740800000494346,None,4,0,16,2,31.978915333049372,,,,,31.96814745804295,31.978915333049372,32.45565258304123,32.45565258304123,32.45565258304123,,33.54184675007127,r,1,1.0740800000494346,None,,,,,5,"001",2025-08-25_22h23.24.539,stroop_task,,2025.2.0,None,2025-08-25 22h23.24.684069 +0530,
BLUE,blue,C,b,17,1,4,b,1,0.9358928330475464,None,4,1,17,3,33.55375370802358,,,,,33.54298925003968,33.55375370802358,34.03983187500853,34.03983187500853,34.03983187500853,,34.980255375034176,b,1,0.9358928330475464,None,,,,,5,"001",2025-08-25_22h23.24.539,stroop_task,,2025.2.0,None,2025-08-25 22h23.24.684069 +0530,
RED,blue,I,b,18,2,4,b,1,0.7322297909995541,None,4,2,18,1,34.994724125019275,,,,,34.98469945800025,34.994724125019275,35.48142716602888,35.48142716602888,35.48142716602888,,36.22578866605181,b,1,0.7322297909995541,None,,,,,5,"001",2025-08-25_22h23.24.539,stroop_task,,2025.2.0,None,2025-08-25 22h23.24.684069 +0530,
RED,red,C,r,19,3,4,r,1,0.48651933297514915,None,4,3,19,0,36.24247141601518,,,,,36.22713975002989,36.24247141601518,36.723175166058354,36.723175166058354,36.723175166058354,,37.213492416078225,r,1,0.48651933297514915,None,,,,,5,"001",2025-08-25_22h23.24.539,stroop_task,,2025.2.0,None,2025-08-25 22h23.24.684069 +0530,
BLUE,blue,C,b,20,0,5,b,1,0.49768816598225385,None,5,0,20,3,37.230347333010286,,,,,37.22003120800946,37.230347333010286,37.71496500005014,37.71496500005014,37.71496500005014,,38.22357875003945,b,1,0.49768816598225385,None,,,,,5,"001",2025-08-25_22h23.24.539,stroop_task,,2025.2.0,None,2025-08-25 22h23.24.684069 +0530,
BLUE,red,I,r,21,1,5,r,1,0.8310857079923153,None,5,1,21,2,38.23535475006793,,,,,38.22444345802069,38.23535475006793,38.71441745804623,38.71441745804623,38.71441745804623,,39.55849691608455,r,1,0.8310857079923153,None,,,,,5,"001",2025-08-25_22h23.24.539,stroop_task,,2025.2.0,None,2025-08-25 22h23.24.684069 +0530,
RED,blue,I,b,22,2,5,b,1,1.1044842499541119,None,5,2,22,1,39.57625420799013,,,,,39.564116916037165,39.57625420799013,40.05498991603963,40.05498991603963,40.05498991603963,,41.16259725007694,b,1,1.1044842499541119,None,,,,,5,"001",2025-08-25_22h23.24.539,stroop_task,,2025.2.0,None,2025-08-25 22h23.24.684069 +0530,
RED,red,C,r,23,3,5,r,1,1.0313564999960363,None,5,3,23,0,41.175782833015546,,,,,41.16354500001762,41.175782833015546,41.657194500090554,41.657194500090554,41.657194500090554,,42.6920988750644,r,1,1.0313564999960363,None,,,,,5,"001",2025-08-25_22h23.24.539,stroop_task,,2025.2.0,None,2025-08-25 22h23.24.684069 +0530,
RED,red,C,r,24,0,6,r,1,0.5483891670592129,None,6,0,24,0,42.70463604107499,,,,,42.69336233299691,42.70463604107499,43.19017708301544,43.19017708301544,43.19017708301544,,43.74114916601684,r,1,0.5483891670592129,None,,,,,5,"001",2025-08-25_22h23.24.539,stroop_task,,2025.2.0,None,2025-08-25 22h23.24.684069 +0530,
BLUE,blue,C,b,25,1,6,b,1,0.46665191592182964,None,6,1,25,3,43.75817458308302,,,,,43.7468379160855,43.75817458308302,44.23979008302558,44.23979008302558,44.23979008302558,,44.70893975009676,b,1,0.46665191592182964,None,,,,,5,"001",2025-08-25_22h23.24.539,stroop_task,,2025.2.0,None,2025-08-25 22h23.24.684069 +0530,
BLUE,red,I,r,26,2,6,r,1,0.7300016250228509,None,6,2,26,2,44.720811250037514,,,,,44.71045116602909,44.720811250037514,45.20644895802252,45.20644895802252,45.20644895802252,,45.94343058299273,r,1,0.7300016250228509,None,,,,,5,"001",2025-08-25_22h23.24.539,stroop_task,,2025.2.0,None,2025-08-25 22h23.24.684069 +0530,
RED,blue,I,b,27,3,6,b,1,0.7458750420482829,None,6,3,27,1,45.955325125018135,,,,,45.94659154105466,45.955325125018135,46.43866458302364,46.43866458302364,46.43866458302364,,47.19231429102365,b,1,0.7458750420482829,None,,,,,5,"001",2025-08-25_22h23.24.539,stroop_task,,2025.2.0,None,2025-08-25 22h23.24.684069 +0530,
BLUE,red,I,r,28,0,7,r,1,1.0995419999817386,None,7,0,28,2,47.20856649999041,,,,,47.19798749999609,47.20856649999041,47.689789375057444,47.689789375057444,47.689789375057444,,48.79142320808023,r,1,1.0995419999817386,None,,,,,5,"001",2025-08-25_22h23.24.539,stroop_task,,2025.2.0,None,2025-08-25 22h23.24.684069 +0530,
BLUE,blue,C,b,29,1,7,b,1,0.617500749998726,None,7,1,29,3,48.804002416087314,,,,,48.79267691599671,48.804002416087314,49.28975641599391,49.28975641599391,49.28975641599391,,49.91407300007995,b,1,0.617500749998726,None,,,,,5,"001",2025-08-25_22h23.24.539,stroop_task,,2025.2.0,None,2025-08-25 22h23.24.684069 +0530,
RED,red,C,r,30,2,7,r,1,0.5867983750067651,None,7,2,30,0,49.9289864160819,,,,,49.91942958300933,49.9289864160819,50.415534916101024,50.415534916101024,50.415534916101024,,51.008577458094805,r,1,0.5867983750067651,None,,,,,5,"001",2025-08-25_22h23.24.539,stroop_task,,2025.2.0,None,2025-08-25 22h23.24.684069 +0530,
RED,blue,I,b,31,3,7,r,0,0.7499305829405785,None,7,3,31,1,51.02231433300767,,,,,51.009438875014894,51.02231433300767,51.50635791604873,51.50635791604873,51.50635791604873,,52.258575958083384,r,0,0.7499305829405785,None,,,,,5,"001",2025-08-25_22h23.24.539,stroop_task,,2025.2.0,None,2025-08-25 22h23.24.684069 +0530,
BLUE,blue,C,b,32,0,8,b,1,0.8498687919927761,None,8,0,32,3,52.27397458301857,,,,,52.263774166000076,52.27397458301857,52.75631104107015,52.75631104107015,52.75631104107015,,53.60813837510068,b,1,0.8498687919927761,None,,,,,5,"001",2025-08-25_22h23.24.539,stroop_task,,2025.2.0,None,2025-08-25 22h23.24.684069 +0530,
BLUE,red,I,r,33,1,8,r,1,0.6707590420264751,None,8,1,33,2,53.62042737507727,,,,,53.60957666602917,53.62042737507727,54.10642554110382,54.10642554110382,54.10642554110382,,54.79207366600167,r,1,0.6707590420264751,None,,,,,5,"001",2025-08-25_22h23.24.539,stroop_task,,2025.2.0,None,2025-08-25 22h23.24.684069 +0530,
RED,blue,I,b,34,2,8,b,1,0.9747943750116974,None,8,2,34,1,54.80666312505491,,,,,54.796945916023105,54.80666312505491,55.29231516609434,55.29231516609434,55.29231516609434,,56.27574962505605,b,1,0.9747943750116974,None,,,,,5,"001",2025-08-25_22h23.24.539,stroop_task,,2025.2.0,None,2025-08-25 22h23.24.684069 +0530,
RED,red,C,r,35,3,8,r,1,0.5891137919388711,None,8,3,35,0,56.289251125068404,,,,,56.27668170805555,56.289251125068404,56.773010791046545,56.773010791046545,56.773010791046545,,57.364707625005394,r,1,0.5891137919388711,None,,,,,5,"001",2025-08-25_22h23.24.539,stroop_task,,2025.2.0,None,2025-08-25 22h23.24.684069 +0530,
BLUE,blue,C,b,36,0,9,b,1,0.5813577499939129,None,9,0,36,3,57.37538870808203,,,,,57.3683215000201,57.37538870808203,57.86366129107773,57.86366129107773,57.86366129107773,,58.4569088750286,b,1,0.5813577499939129,None,,,,,5,"001",2025-08-25_22h23.24.539,stroop_task,,2025.2.0,None,2025-08-25 22h23.24.684069 +0530,
RED,blue,I,b,37,1,9,b,1,0.8603580410126597,None,9,1,37,1,58.47232616599649,,,,,58.46176504099276,58.47232616599649,58.94767825002782,58.94767825002782,58.94767825002782,,59.81193687499035,b,1,0.8603580410126597,None,,,,,5,"001",2025-08-25_22h23.24.539,stroop_task,,2025.2.0,None,2025-08-25 22h23.24.684069 +0530,
BLUE,red,I,r,38,2,9,r,1,0.6180170419393107,None,9,2,38,2,59.8394401660189,,,,,59.81482629105449,59.8394401660189,60.306002208031714,60.306002208031714,60.306002208031714,,60.93036816606764,r,1,0.6180170419393107,None,,,,,5,"001",2025-08-25_22h23.24.539,stroop_task,,2025.2.0,None,2025-08-25 22h23.24.684069 +0530,
RED,red,C,r,39,3,9,r,1,0.5105347499484196,None,9,3,39,0,60.94384662504308,,,,,60.93461608304642,60.94384662504308,61.43144583306275,61.43144583306275,61.43144583306275,,61.94710625009611,r,1,0.5105347499484196,None,,,,,5,"001",2025-08-25_22h23.24.539,stroop_task,,2025.2.0,None,2025-08-25 22h23.24.684069 +0530,
,,,,,,,,,,,,,,,,,,,,,,,,,,,,,,,61.947326166089624,61.96031858306378,62.95614579110406,62.94580979109742,5,"001",2025-08-25_22h23.24.539,stroop_task,,2025.2.0,None,2025-08-25 22h23.24.684069 +0530,
