thisN,thisTrialN,thisRepN,key_resp.keys,key_resp.corr,key_resp.rt,key_resp.duration,tilt,trials.thisRepN,trials.thisTrialN,trials.thisN,trials.thisIndex,thisRow.t,notes,trial.started,fixation.started,key_resp.started,fixation.stopped,trial.stopped,trials.key_resp.keys,trials.key_resp.corr,trials.key_resp.rt,trials.key_resp.duration,trials.tilt,participant,session,date,expName,expVersion,psychopyVersion,frameRate,expStart,
0,0,0,up,1,0.6191055829985999,None,0,0,0,0,0,0.06538525001087692,,0.05595016700681299,0.06538525001087692,1.0146270830009598,1.061265333002666,2.051265500005684,up,1,0.6191055829985999,None,0,s1,001,2025-09-04_10h15.49.956,EXP 3 Orientation Discrimination task | Measures of Signal Detection,,2025.1.1,None,2025-09-04 10h16.19.771206 +0530,
1,0,1,up,1,0.736416082989308,None,0,1,0,1,0,2.151371583007858,,2.051477500004694,2.151371583007858,3.047378667004523,3.1458242920052726,3.79281012499996,up,1,0.736416082989308,None,0,s1,001,2025-09-04_10h15.49.956,EXP 3 Orientation Discrimination task | Measures of Signal Detection,,2025.1.1,None,2025-09-04 10h16.19.771206 +0530,
2,0,2,up,1,1.4300844579993282,None,0,2,0,2,0,3.819803458012757,,3.793540208003833,3.819803458012757,4.790451625012793,4.812064708006801,6.226335792001919,up,1,1.4300844579993282,None,0,s1,001,2025-09-04_10h15.49.956,EXP 3 Orientation Discrimination task | Measures of Signal Detection,,2025.1.1,None,2025-09-04 10h16.19.771206 +0530,
3,0,3,up,1,0.6756250410107896,None,0,3,0,3,0,6.2354047920089215,,6.227083958001458,6.2354047920089215,7.2240615420014365,7.230104208007106,7.909982042008778,up,1,0.6756250410107896,None,0,s1,001,2025-09-04_10h15.49.956,EXP 3 Orientation Discrimination task | Measures of Signal Detection,,2025.1.1,None,2025-09-04 10h16.19.771206 +0530,
4,0,4,up,1,0.8534043749968987,None,0,4,0,4,0,7.919794042012654,,7.910761167004239,7.919794042012654,8.907079333002912,8.91334183300205,9.76269262500864,up,1,0.8534043749968987,None,0,s1,001,2025-09-04_10h15.49.956,EXP 3 Orientation Discrimination task | Measures of Signal Detection,,2025.1.1,None,2025-09-04 10h16.19.771206 +0530,
5,0,5,down,1,0.6976067079958739,None,-3,5,0,5,0,9.776216000012937,,9.765591833012877,9.776216000012937,10.762829375002184,10.77389383300033,11.463684917005594,down,1,0.6976067079958739,None,-3,s1,001,2025-09-04_10h15.49.956,EXP 3 Orientation Discrimination task | Measures of Signal Detection,,2025.1.1,None,2025-09-04 10h16.19.771206 +0530,
6,0,6,up,1,1.3162588739942294,None,0,6,0,6,0,11.473479500011308,,11.464478083013091,11.473479500011308,12.46422879199963,12.46422879199963,13.792752208013553,up,1,1.3162588739942294,None,0,s1,001,2025-09-04_10h15.49.956,EXP 3 Orientation Discrimination task | Measures of Signal Detection,,2025.1.1,None,2025-09-04 10h16.19.771206 +0530,
7,0,7,up,1,0.7478673330042511,None,0,7,0,7,0,13.802954333004891,,13.793594292001217,13.802954333004891,14.790617125006975,14.796046208008192,15.542717000003904,up,1,0.7478673330042511,None,0,s1,001,2025-09-04_10h15.49.956,EXP 3 Orientation Discrimination task | Measures of Signal Detection,,2025.1.1,None,2025-09-04 10h16.19.771206 +0530,
8,0,8,down,0,1.2717838330136146,None,0,8,0,8,0,15.552889042010065,,15.543514917007997,15.552889042010065,16.540568833006546,16.546064500013017,17.826266833013506,down,0,1.2717838330136146,None,0,s1,001,2025-09-04_10h15.49.956,EXP 3 Orientation Discrimination task | Measures of Signal Detection,,2025.1.1,None,2025-09-04 10h16.19.771206 +0530,
9,0,9,up,1,0.6099054580117809,None,0,9,0,9,0,17.835863458007225,,17.82714966700587,17.835863458007225,18.823360167007195,18.82905225000286,19.44345908300602,up,1,0.6099054580117809,None,0,s1,001,2025-09-04_10h15.49.956,EXP 3 Orientation Discrimination task | Measures of Signal Detection,,2025.1.1,None,2025-09-04 10h16.19.771206 +0530,
10,0,10,up,1,1.117673166008899,None,0,10,0,10,0,19.45386583301297,,19.444257833005395,19.45386583301297,20.440588708006544,20.44605212500028,21.563999417005107,up,1,1.117673166008899,None,0,s1,001,2025-09-04_10h15.49.956,EXP 3 Orientation Discrimination task | Measures of Signal Detection,,2025.1.1,None,2025-09-04 10h16.19.771206 +0530,
11,0,11,up,0,0.6845859159948304,None,-3,11,0,11,0,21.573172500007786,,21.56445825000992,21.573172500007786,22.563430750000407,22.563430750000407,23.259406791999936,up,0,0.6845859159948304,None,-3,s1,001,2025-09-04_10h15.49.956,EXP 3 Orientation Discrimination task | Measures of Signal Detection,,2025.1.1,None,2025-09-04 10h16.19.771206 +0530,
12,0,12,down,1,0.867881333004334,None,-4,12,0,12,0,23.269020000007004,,23.26041325001279,23.269020000007004,24.257179708001786,24.26266104201204,25.130749875010224,down,1,0.867881333004334,None,-4,s1,001,2025-09-04_10h15.49.956,EXP 3 Orientation Discrimination task | Measures of Signal Detection,,2025.1.1,None,2025-09-04 10h16.19.771206 +0530,
13,0,13,up,0,0.5177092079975409,None,-3,13,0,13,0,25.140296542012948,,25.131560583002283,25.140296542012948,26.13037704200542,26.13037704200542,26.658793792012148,up,0,0.5177092079975409,None,-3,s1,001,2025-09-04_10h15.49.956,EXP 3 Orientation Discrimination task | Measures of Signal Detection,,2025.1.1,None,2025-09-04 10h16.19.771206 +0530,
14,0,14,down,0,0.8255804580112454,None,0,14,0,14,0,26.665233542007627,,26.659399417010718,26.665233542007627,27.657481542002643,27.663887875009095,28.492757042011363,down,0,0.8255804580112454,None,0,s1,001,2025-09-04_10h15.49.956,EXP 3 Orientation Discrimination task | Measures of Signal Detection,,2025.1.1,None,2025-09-04 10h16.19.771206 +0530,
15,0,15,down,1,0.7442693329940084,None,1,15,0,15,0,28.502379292011028,,28.493410750001203,28.502379292011028,29.49072845801129,29.496994583008927,30.24279479200777,down,1,0.7442693329940084,None,1,s1,001,2025-09-04_10h15.49.956,EXP 3 Orientation Discrimination task | Measures of Signal Detection,,2025.1.1,None,2025-09-04 10h16.19.771206 +0530,
16,0,16,down,1,1.144567208000808,None,-3,16,0,16,0,30.252226583004813,,30.243466625004658,30.252226583004813,31.240357958013192,31.24637883300602,32.39206591701077,down,1,1.144567208000808,None,-3,s1,001,2025-09-04_10h15.49.956,EXP 3 Orientation Discrimination task | Measures of Signal Detection,,2025.1.1,None,2025-09-04 10h16.19.771206 +0530,
17,0,17,up,0,0.5495954579964746,None,-4,17,0,17,0,32.40159545800998,,32.39263466700504,32.40159545800998,33.39025570800004,33.396008167008404,33.941034833012964,up,0,0.5495954579964746,None,-4,s1,001,2025-09-04_10h15.49.956,EXP 3 Orientation Discrimination task | Measures of Signal Detection,,2025.1.1,None,2025-09-04 10h16.19.771206 +0530,
18,0,18,up,0,0.5609234580042539,None,1,18,0,18,0,33.944967667004676,,33.94129775000329,33.944967667004676,34.93091412501235,34.9405331670132,35.49671487500018,up,0,0.5609234580042539,None,1,s1,001,2025-09-04_10h15.49.956,EXP 3 Orientation Discrimination task | Measures of Signal Detection,,2025.1.1,None,2025-09-04 10h16.19.771206 +0530,
19,0,19,down,0,0.8324913329997798,None,0,19,0,19,0,35.50606229201367,,35.49702641701151,35.50606229201367,36.490312458001426,36.49646870800643,37.32594908300962,down,0,0.8324913329997798,None,0,s1,001,2025-09-04_10h15.49.956,EXP 3 Orientation Discrimination task | Measures of Signal Detection,,2025.1.1,None,2025-09-04 10h16.19.771206 +0530,
20,0,20,down,1,0.6420686659985222,None,4,20,0,20,0,37.33607958300854,,37.32690666700364,37.33607958300854,38.32369616700453,38.330049042007886,38.975180958004785,down,1,0.6420686659985222,None,4,s1,001,2025-09-04_10h15.49.956,EXP 3 Orientation Discrimination task | Measures of Signal Detection,,2025.1.1,None,2025-09-04 10h16.19.771206 +0530,
21,0,21,up,0,0.8919198740040883,None,-3,21,0,21,0,38.98425537500589,,38.97561629200936,38.98425537500589,39.973767625007895,39.97923587501282,40.87598375001107,up,0,0.8919198740040883,None,-3,s1,001,2025-09-04_10h15.49.956,EXP 3 Orientation Discrimination task | Measures of Signal Detection,,2025.1.1,None,2025-09-04 10h16.19.771206 +0530,
22,0,22,down,0,12.623138540991931,None,0,22,0,22,0,40.88620558301045,,40.87688408300164,40.88620558301045,41.87410808300774,41.880372583007556,54.51122645800933,down,0,12.623138540991931,None,0,s1,001,2025-09-04_10h15.49.956,EXP 3 Orientation Discrimination task | Measures of Signal Detection,,2025.1.1,None,2025-09-04 10h16.19.771206 +0530,
23,0,23,down,0,1.83715658300207,None,0,23,0,23,0,54.52203879201261,,54.51206637501309,54.52203879201261,55.507163208007114,55.51278383300814,57.3470226250065,down,0,1.83715658300207,None,0,s1,001,2025-09-04_10h15.49.956,EXP 3 Orientation Discrimination task | Measures of Signal Detection,,2025.1.1,None,2025-09-04 10h16.19.771206 +0530,
24,0,24,up,1,0.6572462910116883,None,0,24,0,24,0,57.35655687500548,,57.34749133301375,57.35655687500548,58.34612595800718,58.34612595800718,59.008555792010156,up,1,0.6572462910116883,None,0,s1,001,2025-09-04_10h15.49.956,EXP 3 Orientation Discrimination task | Measures of Signal Detection,,2025.1.1,None,2025-09-04 10h16.19.771206 +0530,
25,0,25,up,0,0.7181447079929058,None,3,25,0,25,0,59.01852962501289,,59.00913516701257,59.01852962501289,60.00704554200638,60.01170404200093,60.73033904201293,up,0,0.7181447079929058,None,3,s1,001,2025-09-04_10h15.49.956,EXP 3 Orientation Discrimination task | Measures of Signal Detection,,2025.1.1,None,2025-09-04 10h16.19.771206 +0530,
26,0,26,down,0,1.2826129159948323,None,0,26,0,26,0,60.73955675000616,,60.73076829200727,60.73955675000616,61.72367175000545,61.72688929201104,63.00912933300424,down,0,1.2826129159948323,None,0,s1,001,2025-09-04_10h15.49.956,EXP 3 Orientation Discrimination task | Measures of Signal Detection,,2025.1.1,None,2025-09-04 10h16.19.771206 +0530,
27,0,27,down,1,1.0170324579958105,None,-5,27,0,27,0,63.019374958006665,,63.01011854200624,63.019374958006665,64.00707733300806,64.01247316700756,65.02993637500913,down,1,1.0170324579958105,None,-5,s1,001,2025-09-04_10h15.49.956,EXP 3 Orientation Discrimination task | Measures of Signal Detection,,2025.1.1,None,2025-09-04 10h16.19.771206 +0530,
28,0,28,up,1,0.7488133750011912,None,0,28,0,28,0,65.03990637500829,,65.03035616700072,65.03990637500829,66.02329483300855,66.02851591700164,66.77611612500914,up,1,0.7488133750011912,None,0,s1,001,2025-09-04_10h15.49.956,EXP 3 Orientation Discrimination task | Measures of Signal Detection,,2025.1.1,None,2025-09-04 10h16.19.771206 +0530,
29,0,29,up,1,0.8493970410054317,None,0,29,0,29,0,66.78630616700684,,66.77696054200351,66.78630616700684,67.7737539170048,67.77921787500964,68.62575116701191,up,1,0.8493970410054317,None,0,s1,001,2025-09-04_10h15.49.956,EXP 3 Orientation Discrimination task | Measures of Signal Detection,,2025.1.1,None,2025-09-04 10h16.19.771206 +0530,
30,0,30,down,1,1.3151773739955388,None,2,30,0,30,0,68.63539633300388,,68.62656683300156,68.63539633300388,69.62383995800337,69.62993412501237,70.94116245800979,down,1,1.3151773739955388,None,2,s1,001,2025-09-04_10h15.49.956,EXP 3 Orientation Discrimination task | Measures of Signal Detection,,2025.1.1,None,2025-09-04 10h16.19.771206 +0530,
31,0,31,down,1,0.6225341670069611,None,-4,31,0,31,0,70.9444968750031,,70.9413824170042,70.9444968750031,71.93047966700397,71.94038383300358,72.55912016700313,down,1,0.6225341670069611,None,-4,s1,001,2025-09-04_10h15.49.956,EXP 3 Orientation Discrimination task | Measures of Signal Detection,,2025.1.1,None,2025-09-04 10h16.19.771206 +0530,
32,0,32,up,0,1.8057480830029817,None,-4,32,0,32,0,72.5675323750038,,72.55986329200095,72.5675323750038,73.55715287500061,73.56321041700721,75.37616245800746,up,0,1.8057480830029817,None,-4,s1,001,2025-09-04_10h15.49.956,EXP 3 Orientation Discrimination task | Measures of Signal Detection,,2025.1.1,None,2025-09-04 10h16.19.771206 +0530,
33,0,33,up,1,0.8639615410065744,None,0,33,0,33,0,75.38637512500281,,75.3770582920115,75.38637512500281,76.37377633301367,76.37983175000409,77.24237670800358,up,1,0.8639615410065744,None,0,s1,001,2025-09-04_10h15.49.956,EXP 3 Orientation Discrimination task | Measures of Signal Detection,,2025.1.1,None,2025-09-04 10h16.19.771206 +0530,
34,0,34,up,0,0.7383224170043832,None,-2,34,0,34,0,77.25251891701191,,77.24329183300142,77.25251891701191,78.24046183300379,78.24654591700528,78.98010841700307,up,0,0.7383224170043832,None,-2,s1,001,2025-09-04_10h15.49.956,EXP 3 Orientation Discrimination task | Measures of Signal Detection,,2025.1.1,None,2025-09-04 10h16.19.771206 +0530,
35,0,35,up,1,0.8159281660045963,None,0,35,0,35,0,78.98922029200185,,78.98048845800804,78.98922029200185,79.97373729200626,79.98006650000752,80.79262650001328,up,1,0.8159281660045963,None,0,s1,001,2025-09-04_10h15.49.956,EXP 3 Orientation Discrimination task | Measures of Signal Detection,,2025.1.1,None,2025-09-04 10h16.19.771206 +0530,
36,0,36,up,0,0.7288458330003778,None,-2,36,0,36,0,80.80262887501158,,80.7935656250047,80.80262887501158,81.79001004200836,81.79567879201204,82.5258950000134,up,0,0.7288458330003778,None,-2,s1,001,2025-09-04_10h15.49.956,EXP 3 Orientation Discrimination task | Measures of Signal Detection,,2025.1.1,None,2025-09-04 10h16.19.771206 +0530,
37,0,37,up,1,0.6618485409999266,None,0,37,0,37,0,82.53590704200906,,82.52669995800534,82.53590704200906,83.52377329200681,83.52997345800395,84.19248637500277,up,1,0.6618485409999266,None,0,s1,001,2025-09-04_10h15.49.956,EXP 3 Orientation Discrimination task | Measures of Signal Detection,,2025.1.1,None,2025-09-04 10h16.19.771206 +0530,
38,0,38,up,1,1.0011421250092098,None,0,38,0,38,0,84.20210862500244,,84.1931940830109,84.20210862500244,85.19044004200259,85.19653308301349,86.19646062501124,up,1,1.0011421250092098,None,0,s1,001,2025-09-04_10h15.49.956,EXP 3 Orientation Discrimination task | Measures of Signal Detection,,2025.1.1,None,2025-09-04 10h16.19.771206 +0530,
39,0,39,up,1,0.7840072079998208,None,0,39,0,39,0,86.20610079201288,,86.19683487500879,86.20610079201288,87.19041412501247,87.19624841700715,87.97862983300001,up,1,0.7840072079998208,None,0,s1,001,2025-09-04_10h15.49.956,EXP 3 Orientation Discrimination task | Measures of Signal Detection,,2025.1.1,None,2025-09-04 10h16.19.771206 +0530,
40,0,40,up,0,0.5877141240052879,None,2,40,0,40,0,87.98903095800779,,87.9790506670106,87.98903095800779,88.97378045800724,88.97971325000981,89.56380275000993,up,0,0.5877141240052879,None,2,s1,001,2025-09-04_10h15.49.956,EXP 3 Orientation Discrimination task | Measures of Signal Detection,,2025.1.1,None,2025-09-04 10h16.19.771206 +0530,
41,0,41,up,1,0.592463333014166,None,0,41,0,41,0,89.57305700000143,,89.56450079201022,89.57305700000143,90.56299891701201,90.56299891701201,91.16061762500613,up,1,0.592463333014166,None,0,s1,001,2025-09-04_10h15.49.956,EXP 3 Orientation Discrimination task | Measures of Signal Detection,,2025.1.1,None,2025-09-04 10h16.19.771206 +0530,
42,0,42,down,1,0.85541537500103,None,-2,42,0,42,0,91.1674402080098,,91.16140129200357,91.1674402080098,92.1570112920017,92.16245379199972,93.0141292920016,down,1,0.85541537500103,None,-2,s1,001,2025-09-04_10h15.49.956,EXP 3 Orientation Discrimination task | Measures of Signal Detection,,2025.1.1,None,2025-09-04 10h16.19.771206 +0530,
43,0,43,up,1,1.144538749998901,None,0,43,0,43,0,93.04073216700635,,93.01462591699965,93.04073216700635,94.01479766701232,94.02740950000589,95.16315395801212,up,1,1.144538749998901,None,0,s1,001,2025-09-04_10h15.49.956,EXP 3 Orientation Discrimination task | Measures of Signal Detection,,2025.1.1,None,2025-09-04 10h16.19.771206 +0530,
44,0,44,down,1,0.672978916001739,None,4,44,0,44,0,95.17312758300977,,95.16361283301376,95.17312758300977,96.16334770800313,96.16334770800313,96.84242654200352,down,1,0.672978916001739,None,4,s1,001,2025-09-04_10h15.49.956,EXP 3 Orientation Discrimination task | Measures of Signal Detection,,2025.1.1,None,2025-09-04 10h16.19.771206 +0530,
45,0,45,up,1,0.7909102080011507,None,0,45,0,45,0,96.8523312920006,,96.84321008301049,96.8523312920006,97.84035287500592,97.84632958300062,98.64195416700386,up,1,0.7909102080011507,None,0,s1,001,2025-09-04_10h15.49.956,EXP 3 Orientation Discrimination task | Measures of Signal Detection,,2025.1.1,None,2025-09-04 10h16.19.771206 +0530,
46,0,46,up,1,0.7638016659911955,None,0,46,0,46,0,98.65178545800154,,98.64266525000858,98.65178545800154,99.64040795800975,99.64655912500166,100.40931508300127,up,1,0.7638016659911955,None,0,s1,001,2025-09-04_10h15.49.956,EXP 3 Orientation Discrimination task | Measures of Signal Detection,,2025.1.1,None,2025-09-04 10h16.19.771206 +0530,
47,0,47,up,1,0.6999238740099827,None,0,47,0,47,0,100.41969958301343,,100.41036925000662,100.41969958301343,101.40718087500136,101.41304504200525,102.10920075001195,up,1,0.6999238740099827,None,0,s1,001,2025-09-04_10h15.49.956,EXP 3 Orientation Discrimination task | Measures of Signal Detection,,2025.1.1,None,2025-09-04 10h16.19.771206 +0530,
48,0,48,down,1,0.699047458008863,None,-4,48,0,48,0,102.11866979200568,,102.1098586670123,102.11866979200568,103.10699308301264,103.11244570800045,103.80923983300454,down,1,0.699047458008863,None,-4,s1,001,2025-09-04_10h15.49.956,EXP 3 Orientation Discrimination task | Measures of Signal Detection,,2025.1.1,None,2025-09-04 10h16.19.771206 +0530,
49,0,49,up,1,0.4608432079985505,None,0,49,0,49,0,103.81893716700142,,103.80993504200887,103.81893716700142,104.80728225001076,104.8136437080102,105.2753815830074,up,1,0.4608432079985505,None,0,s1,001,2025-09-04_10h15.49.956,EXP 3 Orientation Discrimination task | Measures of Signal Detection,,2025.1.1,None,2025-09-04 10h16.19.771206 +0530,
50,0,50,up,0,0.7114669989969116,None,-2,50,0,50,0,105.28540116701333,,105.27602166699944,105.28540116701333,106.27351337501022,106.27928333300224,106.99287245800951,up,0,0.7114669989969116,None,-2,s1,001,2025-09-04_10h15.49.956,EXP 3 Orientation Discrimination task | Measures of Signal Detection,,2025.1.1,None,2025-09-04 10h16.19.771206 +0530,
51,0,51,down,1,4.018922916002339,None,-2,51,0,51,0,107.00355491701339,,106.99387125000067,107.00355491701339,107.990295333002,107.99468833301216,112.01394429200445,down,1,4.018922916002339,None,-2,s1,001,2025-09-04_10h15.49.956,EXP 3 Orientation Discrimination task | Measures of Signal Detection,,2025.1.1,None,2025-09-04 10h16.19.771206 +0530,
52,0,52,up,1,0.6531022080016555,None,0,52,0,52,0,112.02283704200818,,112.01432420800847,112.02283704200818,113.01333508300013,113.01333508300013,113.67818937500124,up,1,0.6531022080016555,None,0,s1,001,2025-09-04_10h15.49.956,EXP 3 Orientation Discrimination task | Measures of Signal Detection,,2025.1.1,None,2025-09-04 10h16.19.771206 +0530,
53,0,53,down,1,0.6906580420036335,None,2,53,0,53,0,113.69023391700466,,113.67854916700162,113.69023391700466,114.67352066701278,114.67995383300877,115.37500054200063,down,1,0.6906580420036335,None,2,s1,001,2025-09-04_10h15.49.956,EXP 3 Orientation Discrimination task | Measures of Signal Detection,,2025.1.1,None,2025-09-04 10h16.19.771206 +0530,
54,0,54,down,0,0.7106066250125878,None,0,54,0,54,0,115.38493579201167,,115.37553170800675,115.38493579201167,116.37356154200097,116.37913300000946,117.09259316700627,down,0,0.7106066250125878,None,0,s1,001,2025-09-04_10h15.49.956,EXP 3 Orientation Discrimination task | Measures of Signal Detection,,2025.1.1,None,2025-09-04 10h16.19.771206 +0530,
55,0,55,up,0,0.8556610409868881,None,3,55,0,55,0,117.10319875000278,,117.09377137500269,117.10319875000278,118.09043829201255,118.09678791700571,118.95979141700082,up,0,0.8556610409868881,None,3,s1,001,2025-09-04_10h15.49.956,EXP 3 Orientation Discrimination task | Measures of Signal Detection,,2025.1.1,None,2025-09-04 10h16.19.771206 +0530,
56,0,56,up,1,0.7262489579879912,None,0,56,0,56,0,118.97010670800228,,118.960683917001,118.97010670800228,119.95687808300136,119.96241470800305,120.69176549999975,up,1,0.7262489579879912,None,0,s1,001,2025-09-04_10h15.49.956,EXP 3 Orientation Discrimination task | Measures of Signal Detection,,2025.1.1,None,2025-09-04 10h16.19.771206 +0530,
57,0,57,up,1,0.7137501660035923,None,0,57,0,57,0,120.70116312500613,,120.69219416700071,120.70116312500613,121.69039212500502,121.6958106670063,122.40899995800282,up,1,0.7137501660035923,None,0,s1,001,2025-09-04_10h15.49.956,EXP 3 Orientation Discrimination task | Measures of Signal Detection,,2025.1.1,None,2025-09-04 10h16.19.771206 +0530,
58,0,58,up,1,0.7430456669972045,None,0,58,0,58,0,122.41844629200932,,122.4095909170137,122.41844629200932,123.40705341700232,123.413106625012,124.15906829200685,up,1,0.7430456669972045,None,0,s1,001,2025-09-04_10h15.49.956,EXP 3 Orientation Discrimination task | Measures of Signal Detection,,2025.1.1,None,2025-09-04 10h16.19.771206 +0530,
59,0,59,up,0,0.6481392080022488,None,-4,59,0,59,0,124.16905233300349,,124.15980504199979,124.16905233300349,125.15699479200703,125.16323337500216,125.80878958301037,up,0,0.6481392080022488,None,-4,s1,001,2025-09-04_10h15.49.956,EXP 3 Orientation Discrimination task | Measures of Signal Detection,,2025.1.1,None,2025-09-04 10h16.19.771206 +0530,
60,0,60,up,1,0.954764541995246,None,0,60,0,60,0,125.81816283300577,,125.8092069580016,125.81816283300577,126.80719087501348,126.81319837500632,127.77577733300859,up,1,0.954764541995246,None,0,s1,001,2025-09-04_10h15.49.956,EXP 3 Orientation Discrimination task | Measures of Signal Detection,,2025.1.1,None,2025-09-04 10h16.19.771206 +0530,
61,0,61,down,1,0.9752411660010694,None,-2,61,0,61,0,127.78544533300737,,127.77650191700377,127.78544533300737,128.77364612500241,128.7800996670121,129.75905704199977,down,1,0.9752411660010694,None,-2,s1,001,2025-09-04_10h15.49.956,EXP 3 Orientation Discrimination task | Measures of Signal Detection,,2025.1.1,None,2025-09-04 10h16.19.771206 +0530,
62,0,62,down,1,0.8609061250026571,None,-5,62,0,62,0,129.76823566701205,,129.75964916701196,129.76823566701205,130.75693175000197,130.76270012500754,131.62506412500807,down,1,0.8609061250026571,None,-5,s1,001,2025-09-04_10h15.49.956,EXP 3 Orientation Discrimination task | Measures of Signal Detection,,2025.1.1,None,2025-09-04 10h16.19.771206 +0530,
63,0,63,up,0,0.8601892919978127,None,-2,63,0,63,0,131.63449133301037,,131.62551558300038,131.63449133301037,132.62365820800187,132.62960954201117,133.49245058301312,up,0,0.8601892919978127,None,-2,s1,001,2025-09-04_10h15.49.956,EXP 3 Orientation Discrimination task | Measures of Signal Detection,,2025.1.1,None,2025-09-04 10h16.19.771206 +0530,
64,0,64,down,1,0.9003657499997644,None,2,64,0,64,0,133.50177662500937,,133.4931560420082,133.50177662500937,134.49031416700745,134.4957983330096,135.39639491701382,down,1,0.9003657499997644,None,2,s1,001,2025-09-04_10h15.49.956,EXP 3 Orientation Discrimination task | Measures of Signal Detection,,2025.1.1,None,2025-09-04 10h16.19.771206 +0530,
65,0,65,down,1,1.5175051669939421,None,1,65,0,65,0,135.4062920830038,,135.3968037500017,135.4062920830038,136.3901200830005,136.39628091700433,137.91284758300753,down,1,1.5175051669939421,None,1,s1,001,2025-09-04_10h15.49.956,EXP 3 Orientation Discrimination task | Measures of Signal Detection,,2025.1.1,None,2025-09-04 10h16.19.771206 +0530,
66,0,66,up,1,1.0827235830074642,None,0,66,0,66,0,137.92300920801063,,137.9132758330088,137.92300920801063,138.90694270801032,138.9124883750046,139.99219095800072,up,1,1.0827235830074642,None,0,s1,001,2025-09-04_10h15.49.956,EXP 3 Orientation Discrimination task | Measures of Signal Detection,,2025.1.1,None,2025-09-04 10h16.19.771206 +0530,
67,0,67,up,1,0.7840913330001058,None,0,67,0,67,0,140.0019722500001,,139.992681542004,140.0019722500001,140.99032866700145,140.99544908301323,141.77914554200834,up,1,0.7840913330001058,None,0,s1,001,2025-09-04_10h15.49.956,EXP 3 Orientation Discrimination task | Measures of Signal Detection,,2025.1.1,None,2025-09-04 10h16.19.771206 +0530,
68,0,68,up,1,0.6389132909971522,None,0,68,0,68,0,141.7892158330069,,141.77968775000772,141.7892158330069,142.77353254200716,142.779053708,143.42382666699996,up,1,0.6389132909971522,None,0,s1,001,2025-09-04_10h15.49.956,EXP 3 Orientation Discrimination task | Measures of Signal Detection,,2025.1.1,None,2025-09-04 10h16.19.771206 +0530,
69,0,69,down,1,0.7099160419893451,None,3,69,0,69,0,143.42919045800227,,143.4240761250112,143.42919045800227,144.41350112500368,144.42345987500448,145.1251628750033,down,1,0.7099160419893451,None,3,s1,001,2025-09-04_10h15.49.956,EXP 3 Orientation Discrimination task | Measures of Signal Detection,,2025.1.1,None,2025-09-04 10h16.19.771206 +0530,
70,0,70,down,0,1.0832974160002777,None,0,70,0,70,0,145.1343596670049,,145.1256551250117,145.1343596670049,146.12363995800843,146.1293161670037,147.21224620800058,down,0,1.0832974160002777,None,0,s1,001,2025-09-04_10h15.49.956,EXP 3 Orientation Discrimination task | Measures of Signal Detection,,2025.1.1,None,2025-09-04 10h16.19.771206 +0530,
71,0,71,up,1,2.1446399159904104,None,0,71,0,71,0,147.22249829200155,,147.2126270000008,147.22249829200155,148.20663520800008,148.21280341700185,150.3589310420066,up,1,2.1446399159904104,None,0,s1,001,2025-09-04_10h15.49.956,EXP 3 Orientation Discrimination task | Measures of Signal Detection,,2025.1.1,None,2025-09-04 10h16.19.771206 +0530,
72,0,72,up,1,1.1213435829995433,None,0,72,0,72,0,150.36921070801327,,150.3593889580079,150.36921070801327,151.35681558299984,151.36240150000958,152.49829516700993,up,1,1.1213435829995433,None,0,s1,001,2025-09-04_10h15.49.956,EXP 3 Orientation Discrimination task | Measures of Signal Detection,,2025.1.1,None,2025-09-04 10h16.19.771206 +0530,
73,0,73,down,1,1.1258755830058362,None,2,73,0,73,0,152.51572391700756,,152.499122542009,152.51572391700756,153.49735420801153,153.5107161670021,154.62594312500732,down,1,1.1258755830058362,None,2,s1,001,2025-09-04_10h15.49.956,EXP 3 Orientation Discrimination task | Measures of Signal Detection,,2025.1.1,None,2025-09-04 10h16.19.771206 +0530,
74,0,74,up,1,1.0476505410042591,None,0,74,0,74,0,154.63551208301215,,154.62693720801326,154.63551208301215,155.6235688750021,155.62902829200902,156.67536979200668,up,1,1.0476505410042591,None,0,s1,001,2025-09-04_10h15.49.956,EXP 3 Orientation Discrimination task | Measures of Signal Detection,,2025.1.1,None,2025-09-04 10h16.19.771206 +0530,
75,0,75,down,1,1.0557847910095006,None,4,75,0,75,0,156.6849548750033,,156.67603008300648,156.6849548750033,157.67324054200435,157.6793771250086,158.74231091700494,down,1,1.0557847910095006,None,4,s1,001,2025-09-04_10h15.49.956,EXP 3 Orientation Discrimination task | Measures of Signal Detection,,2025.1.1,None,2025-09-04 10h16.19.771206 +0530,
76,0,76,up,1,0.5000829579948913,None,0,76,0,76,0,158.75179883300734,,158.7428535000072,158.75179883300734,159.73991087501054,159.7460094170092,160.24240541701147,up,1,0.5000829579948913,None,0,s1,001,2025-09-04_10h15.49.956,EXP 3 Orientation Discrimination task | Measures of Signal Detection,,2025.1.1,None,2025-09-04 10h16.19.771206 +0530,
77,0,77,up,1,0.8585191250022035,None,0,77,0,77,0,160.2512940420129,,160.24297666701023,160.2512940420129,161.24052754200238,161.24691266700393,162.10854525001196,up,1,0.8585191250022035,None,0,s1,001,2025-09-04_10h15.49.956,EXP 3 Orientation Discrimination task | Measures of Signal Detection,,2025.1.1,None,2025-09-04 10h16.19.771206 +0530,
78,0,78,up,1,0.6101559159869794,None,0,78,0,78,0,162.11822025000583,,162.10912850000022,162.11822025000583,163.10679062501004,163.11148204200435,163.72602137501235,up,1,0.6101559159869794,None,0,s1,001,2025-09-04_10h15.49.956,EXP 3 Orientation Discrimination task | Measures of Signal Detection,,2025.1.1,None,2025-09-04 10h16.19.771206 +0530,
79,0,79,up,1,1.7194795420073206,None,0,79,0,79,0,163.73549587500747,,163.72662950000085,163.73549587500747,164.72331470801146,164.72951729201304,166.446198250007,up,1,1.7194795420073206,None,0,s1,001,2025-09-04_10h15.49.956,EXP 3 Orientation Discrimination task | Measures of Signal Detection,,2025.1.1,None,2025-09-04 10h16.19.771206 +0530,
80,0,80,down,1,0.5008958329999587,None,-5,80,0,80,0,166.45623437500035,,166.44661612500204,166.45623437500035,167.43989458300348,167.4459402920038,167.94582083300338,down,1,0.5008958329999587,None,-5,s1,001,2025-09-04_10h15.49.956,EXP 3 Orientation Discrimination task | Measures of Signal Detection,,2025.1.1,None,2025-09-04 10h16.19.771206 +0530,
81,0,81,up,1,0.7017656660027569,None,0,81,0,81,0,167.9554630000057,,167.94621608300076,167.9554630000057,168.9400225420104,168.94628950000333,169.64670654200017,up,1,0.7017656660027569,None,0,s1,001,2025-09-04_10h15.49.956,EXP 3 Orientation Discrimination task | Measures of Signal Detection,,2025.1.1,None,2025-09-04 10h16.19.771206 +0530,
82,0,82,down,0,0.9170693749911152,None,0,82,0,82,0,169.65591741701064,,169.64708770801371,169.65591741701064,170.6465747080074,170.6465747080074,171.5757962080097,down,0,0.9170693749911152,None,0,s1,001,2025-09-04_10h15.49.956,EXP 3 Orientation Discrimination task | Measures of Signal Detection,,2025.1.1,None,2025-09-04 10h16.19.771206 +0530,
83,0,83,up,1,1.3793615419999696,None,0,83,0,83,0,171.58560341701377,,171.5766677500069,171.58560341701377,172.5732539580058,172.57965675000742,173.95765395800117,up,1,1.3793615419999696,None,0,s1,001,2025-09-04_10h15.49.956,EXP 3 Orientation Discrimination task | Measures of Signal Detection,,2025.1.1,None,2025-09-04 10h16.19.771206 +0530,
84,0,84,down,1,1.1369547920039622,None,1,84,0,84,0,173.96224787500978,,173.9579823330132,173.96224787500978,174.94671100001142,174.95676891700714,176.09274529200047,down,1,1.1369547920039622,None,1,s1,001,2025-09-04_10h15.49.956,EXP 3 Orientation Discrimination task | Measures of Signal Detection,,2025.1.1,None,2025-09-04 10h16.19.771206 +0530,
85,0,85,up,1,0.5844035420013824,None,0,85,0,85,0,176.10310387500795,,176.09350958300638,176.10310387500795,177.09003220801242,177.09641920801369,177.6802157080092,up,1,0.5844035420013824,None,0,s1,001,2025-09-04_10h15.49.956,EXP 3 Orientation Discrimination task | Measures of Signal Detection,,2025.1.1,None,2025-09-04 10h16.19.771206 +0530,
86,0,86,up,0,0.9591798750043381,None,2,86,0,86,0,177.6895243750041,,177.6806314580026,177.6895243750041,178.680407250009,178.680407250009,179.64198491700517,up,0,0.9591798750043381,None,2,s1,001,2025-09-04_10h15.49.956,EXP 3 Orientation Discrimination task | Measures of Signal Detection,,2025.1.1,None,2025-09-04 10h16.19.771206 +0530,
87,0,87,up,0,0.7852395000081742,None,2,87,0,87,0,179.6518707080104,,179.64249662500515,179.6518707080104,180.64020658300433,180.6456243749999,181.42915337500744,up,0,0.7852395000081742,None,2,s1,001,2025-09-04_10h15.49.956,EXP 3 Orientation Discrimination task | Measures of Signal Detection,,2025.1.1,None,2025-09-04 10h16.19.771206 +0530,
88,0,88,up,0,0.9821347079996485,None,-2,88,0,88,0,181.43886300000304,,181.429603667013,181.43886300000304,182.42313958301384,182.42945583300025,183.4085536670027,up,0,0.9821347079996485,None,-2,s1,001,2025-09-04_10h15.49.956,EXP 3 Orientation Discrimination task | Measures of Signal Detection,,2025.1.1,None,2025-09-04 10h16.19.771206 +0530,
89,0,89,up,1,0.6555292080010986,None,0,89,0,89,0,183.4185863330058,,183.4091620830004,183.4185863330058,184.40701458300464,184.4129941249994,185.07535745800124,up,1,0.6555292080010986,None,0,s1,001,2025-09-04_10h15.49.956,EXP 3 Orientation Discrimination task | Measures of Signal Detection,,2025.1.1,None,2025-09-04 10h16.19.771206 +0530,
90,0,90,up,0,0.831567332992563,None,-3,90,0,90,0,185.0851662500063,,185.07597350000287,185.0851662500063,186.0736715420062,186.0796598750021,186.909094542003,up,0,0.831567332992563,None,-3,s1,001,2025-09-04_10h15.49.956,EXP 3 Orientation Discrimination task | Measures of Signal Detection,,2025.1.1,None,2025-09-04 10h16.19.771206 +0530,
91,0,91,up,1,0.7204945410048822,None,0,91,0,91,0,186.9189006670058,,186.90970445801213,186.9189006670058,187.906738375008,187.9121034580021,188.6418609579996,up,1,0.7204945410048822,None,0,s1,001,2025-09-04_10h15.49.956,EXP 3 Orientation Discrimination task | Measures of Signal Detection,,2025.1.1,None,2025-09-04 10h16.19.771206 +0530,
92,0,92,up,1,0.6129805829987163,None,0,92,0,92,0,188.65162687501288,,188.64240545801295,188.65162687501288,189.6402720830083,189.64634608301276,190.2589420000004,up,1,0.6129805829987163,None,0,s1,001,2025-09-04_10h15.49.956,EXP 3 Orientation Discrimination task | Measures of Signal Detection,,2025.1.1,None,2025-09-04 10h16.19.771206 +0530,
93,0,93,up,1,0.5357142079883488,None,0,93,0,93,0,190.26898633300152,,190.25950295801158,190.26898633300152,191.25651025000843,191.26262691699958,191.79624041701027,up,1,0.5357142079883488,None,0,s1,001,2025-09-04_10h15.49.956,EXP 3 Orientation Discrimination task | Measures of Signal Detection,,2025.1.1,None,2025-09-04 10h16.19.771206 +0530,
94,0,94,up,1,2.959479999000905,None,0,94,0,94,0,191.80609712500882,,191.7966182500095,191.80609712500882,192.79664162501285,192.79664162501285,195.7587835000013,up,1,2.959479999000905,None,0,s1,001,2025-09-04_10h15.49.956,EXP 3 Orientation Discrimination task | Measures of Signal Detection,,2025.1.1,None,2025-09-04 10h16.19.771206 +0530,
95,0,95,up,1,0.6035052079969319,None,0,95,0,95,0,195.76844516700658,,195.75951445801184,195.76844516700658,196.75653833300748,196.76270212500822,197.36334200001147,up,1,0.6035052079969319,None,0,s1,001,2025-09-04_10h15.49.956,EXP 3 Orientation Discrimination task | Measures of Signal Detection,,2025.1.1,None,2025-09-04 10h16.19.771206 +0530,
96,0,96,down,1,0.890570415998809,None,3,96,0,96,0,197.3729416670103,,197.3641847079998,197.3729416670103,198.36240575001284,198.36240575001284,199.25826670801325,down,1,0.890570415998809,None,3,s1,001,2025-09-04_10h15.49.956,EXP 3 Orientation Discrimination task | Measures of Signal Detection,,2025.1.1,None,2025-09-04 10h16.19.771206 +0530,
97,0,97,up,1,1.2522542079968844,None,0,97,0,97,0,199.26850220801134,,199.25875866701244,199.26850220801134,200.25657108300948,200.26264308301324,201.51162633301283,up,1,1.2522542079968844,None,0,s1,001,2025-09-04_10h15.49.956,EXP 3 Orientation Discrimination task | Measures of Signal Detection,,2025.1.1,None,2025-09-04 10h16.19.771206 +0530,
98,0,98,up,1,0.8070975830050884,None,0,98,0,98,0,201.5219745830109,,201.5119979170122,201.5219745830109,202.50671062500624,202.51329929201165,203.32560120800918,up,1,0.8070975830050884,None,0,s1,001,2025-09-04_10h15.49.956,EXP 3 Orientation Discrimination task | Measures of Signal Detection,,2025.1.1,None,2025-09-04 10h16.19.771206 +0530,
99,0,99,up,1,0.7705417910037795,None,0,99,0,99,0,203.33489837500383,,203.32620641701214,203.33489837500383,204.3233017080056,204.32795204200374,205.09549566700298,up,1,0.7705417910037795,None,0,s1,001,2025-09-04_10h15.49.956,EXP 3 Orientation Discrimination task | Measures of Signal Detection,,2025.1.1,None,2025-09-04 10h16.19.771206 +0530,
